magnitude,cdi,mmi,sig,nst,dmin,gap,depth,latitude,longitude,Year,Month,tsunami,dmin:Year,dmin:cdi,Year:cdi
7.0,8.0,7,768,117.0,0.509,17.0,14.0,-9.7963,159.596,2022,11,1,1029.198,4.072,16176.0
6.9,4.0,4,735,99.0,2.229,34.0,25.0,-4.9559,100.738,2022,11,0,4507.0380000000005,8.916,8088.0
7.0,3.0,3,755,147.0,3.125,18.0,579.0,-20.0508,-178.346,2022,11,1,6318.75,9.375,6066.0
7.3,5.0,5,833,149.0,1.865,21.0,37.0,-19.2918,-172.129,2022,11,1,3771.03,9.325,10110.0
6.6,-999.0,2,670,131.0,4.998,27.0,624.464,-25.5948,178.278,2022,11,1,10105.956,-4993.002,-2019978.0
7.0,4.0,3,755,142.0,4.578,26.0,660.0,-26.0442,178.381,2022,11,1,9256.716,18.312,8088.0
6.8,1.0,3,711,136.0,4.678,22.0,630.379,-25.9678,178.363,2022,11,1,9458.916,4.678,2022.0
6.7,7.0,6,797,145.0,1.151,37.0,20.0,7.6712,-82.3396,2022,10,1,2327.322,8.057,14154.0
6.8,8.0,7,1179,175.0,2.137,92.0,20.0,18.33,-102.913,2022,9,1,4321.014,17.096,16176.0
7.6,9.0,8,1799,271.0,1.153,69.0,26.943,18.3667,-103.252,2022,9,1,2331.366,10.377,18198.0
6.9,9.0,9,887,215.0,0.401,34.0,10.0,23.1444,121.307,2022,9,1,810.822,3.609,18198.0
6.5,7.0,7,756,178.0,0.43,54.0,10.0,23.029,121.348,2022,9,1,869.46,3.01,14154.0
7.0,7.0,5,761,192.0,2.977,45.0,137.0,-21.2077,170.239,2022,9,1,6019.494,20.839,14154.0
7.6,8.0,8,965,272.0,3.158,12.0,116.0,-6.2237,146.471,2022,9,1,6385.476,25.264,16176.0
6.6,9.0,8,1043,141.0,8.454,34.0,12.0,29.7263,102.279,2022,9,0,17093.988,76.08600000000001,18198.0
6.6,7.0,6,672,68.0,5.293,34.0,30.0,-32.6922,-178.959,2022,8,1,10702.446,37.051,14154.0
7.0,9.0,8,1351,152.0,5.276,22.0,33.729,17.5978,120.809,2022,7,1,10668.072,47.483999999999995,18198.0
6.5,3.0,2,653,236.0,1.999,31.0,622.73,-9.0618,-71.1647,2022,6,0,4041.978,5.997,6066.0
7.2,7.0,5,876,144.0,2.494,40.0,236.0,-14.8628,-70.3081,2022,5,1,5042.868,17.458000000000002,14154.0
6.9,2.0,5,733,127.0,0.371,45.0,10.0,-54.1325,159.027,2022,5,1,750.162,0.742,4044.0
6.8,6.0,5,762,162.0,1.505,30.0,220.0,-23.6141,-66.7236,2022,5,1,3043.1099999999997,9.03,12132.0
6.6,6.0,5,762,431.78896882494007,0.914,94.0,27.0,11.5538,-86.9919,2022,4,1,1848.1080000000002,5.484,12132.0
7.0,6.0,4,763,431.78896882494007,2.705,26.0,10.0,-22.5732,170.349,2022,3,1,5469.51,16.23,12132.0
6.9,6.0,4,738,431.78896882494007,2.697,42.0,10.0,-22.72,170.277,2022,3,1,5453.334,16.182000000000002,12132.0
6.7,8.0,7,806,431.78896882494007,0.289,32.0,24.0,23.3421,121.636,2022,3,1,584.358,2.312,16176.0
7.3,9.0,8,2397,431.78896882494007,2.936,29.0,41.0,37.7015,141.587,2022,3,1,5936.592,26.424,18198.0
6.7,9.0,6,708,431.78896882494007,2.188,43.0,28.0,-0.6831,98.6034,2022,3,0,4424.136,19.692,18198.0
6.6,2.0,7,670,431.78896882494007,0.827,46.0,24.0,-30.0528,-177.74,2022,3,1,1672.194,1.654,4044.0
6.8,2.0,3,712,431.78896882494007,5.78,12.0,535.0,-23.7852,-179.968,2022,2,1,11687.16,11.56,4044.0
6.5,8.0,6,690,431.78896882494007,3.026,22.0,110.0,-4.455,-76.9395,2022,2,0,6118.571999999999,24.208,16176.0
6.5,7.0,4,651,431.78896882494007,1.088,57.0,8.0,-29.535,-176.729,2022,1,1,2199.936,7.6160000000000005,14154.0
6.6,8.0,6,785,431.78896882494007,2.418,22.0,33.0,-6.9291,105.251,2022,1,0,4889.196,19.344,16176.0
6.5,-999.0,3,650,97.0,1.61607,108.0,37.0,52.502,-168.08,2022,1,1,3267.6935399999998,-1614.45393,-2019978.0
6.5,-999.0,3,650,23.0,-999.0,208.8,37.0,52.502,-168.08,2022,1,1,-2019978.0,998001.0,-2019978.0
6.6,8.0,5,674,431.78896882494007,0.507,49.0,19.0,52.6252,-168.15,2022,1,1,1025.154,4.056,16176.0
6.7,-999.0,4,691,50.0,0.936943,126.0,33.0,52.48,-167.736,2022,1,1,1894.498746,-936.0060569999999,-2019978.0
6.7,-999.0,4,691,20.0,-999.0,205.2,33.0,52.48,-167.736,2022,1,1,-2019978.0,998001.0,-2019978.0
6.8,7.0,6,730,431.78896882494007,0.92,61.0,20.0,52.6563,-167.917,2022,1,1,1860.24,6.44,14154.0
6.6,6.0,6,976,431.78896882494007,1.168,21.0,21.0,35.1456,31.9095,2022,1,0,2361.696,7.007999999999999,12132.0
6.6,9.0,8,1012,431.78896882494007,2.685,13.0,13.0,37.8167,101.299,2022,1,0,5429.07,24.165,18198.0
7.3,8.0,7,921,431.78896882494007,3.713,19.0,165.49,-7.5924,127.581,2021,12,0,7503.973,29.704,16168.0
7.3,9.0,5,854,431.78896882494007,1.025,32.0,14.27,-7.6033,122.2,2021,12,1,2071.5249999999996,9.225,18189.0
7.5,8.0,8,1094,431.78896882494007,4.951,40.0,126.0,-4.4898,-76.8461,2021,11,1,10005.971,39.608,16168.0
6.6,7.0,4,688,431.78896882494007,3.259,15.0,12.0,23.5414,126.48,2021,11,1,6586.438999999999,22.813,14147.0
6.9,8.0,6,995,431.78896882494007,-999.0,58.55258064516131,51.6,56.2581,-156.492,2021,10,1,-2018979.0,-7992.0,16168.0
6.9,4.0,3,740,431.78896882494007,4.778,31.0,535.0,-21.1704,174.54,2021,10,1,9656.338,19.112,8084.0
7.3,4.0,4,826,431.78896882494007,4.493,32.0,527.0,-21.1036,174.895,2021,10,1,9080.353000000001,17.972,8084.0
6.5,7.0,5,684,431.78896882494007,0.993,114.0,21.0,12.1598,-87.8542,2021,9,1,2006.853,6.951,14147.0
7.0,8.0,8,2504,431.78896882494007,0.07,43.0,20.0,16.9502,-99.7877,2021,9,1,141.47000000000003,0.56,16168.0
7.1,1.0,4,776,431.78896882494007,9.799,32.0,6.0,-60.3026,-24.9992,2021,8,1,19803.779,9.799,2021.0
6.6,1.0,3,670,431.78896882494007,8.865,19.0,7.0,-60.1023,-24.4608,2021,8,1,17916.165,8.865,2021.0
6.9,8.0,7,741,431.78896882494007,0.579,54.0,93.0,-14.892,167.085,2021,8,1,1170.1589999999999,4.632,16168.0
6.9,6.0,4,734,431.78896882494007,8.363,48.0,16.7,-58.3814,-23.3318,2021,8,1,16901.623,50.178,12126.0
7.2,9.0,8,2331,431.78896882494007,1.178,23.0,10.0,18.3521,-73.4804,2021,8,1,2380.738,10.602,18189.0
6.9,5.0,4,738,431.78896882494007,-999.0,58.55258064516131,33.3,55.2364,-157.707,2021,8,1,-2018979.0,-4995.0,10105.0
6.9,5.0,4,738,431.78896882494007,1.173,36.0,20.74,55.2657,-157.68,2021,8,1,2370.6330000000003,5.865,10105.0
8.1,-999.0,7,1009,431.78896882494007,7.463,78.0,22.79,-58.4157,-25.3206,2021,8,0,15082.723,-7455.537,-2018979.0
7.5,9.0,6,868,431.78896882494007,7.227,38.0,47.23,-57.5959,-25.1874,2021,8,1,14605.767,65.043,18189.0
7.1,9.0,7,846,431.78896882494007,1.273,25.0,55.14,6.4547,126.742,2021,8,1,2572.7329999999997,11.456999999999999,18189.0
8.2,8.0,6,1237,431.78896882494007,0.875,66.0,46.66,55.4742,-157.917,2021,7,1,1768.375,7.0,16168.0
8.2,8.0,7,1252,431.78896882494007,-999.0,58.55258064516131,35.0,55.3154,-157.829,2021,7,1,-2018979.0,-7992.0,16168.0
6.7,8.0,5,935,431.78896882494007,8.139,12.0,110.0,13.6989,120.713,2021,7,1,16448.918999999998,65.112,16168.0
6.7,6.0,6,830,431.78896882494007,1.395,61.0,10.0,7.5904,-82.8813,2021,7,1,2819.295,8.370000000000001,12126.0
6.5,-999.0,4,650,431.78896882494007,7.994,24.0,25.0,-30.2144,-177.773,2021,6,1,16155.874,-7986.005999999999,-2018979.0
6.5,5.0,7,652,431.78896882494007,4.518,44.0,10.0,-16.4796,-177.356,2021,5,1,9130.877999999999,22.59,10105.0
7.3,9.0,9,1025,431.78896882494007,4.655,9.0,10.0,34.5861,98.2551,2021,5,0,9407.755000000001,41.895,18189.0
6.7,8.0,4,698,431.78896882494007,1.487,37.0,11.0,0.1684,96.6475,2021,5,0,3005.2270000000003,11.896,16168.0
6.7,9.0,3,694,431.78896882494007,10.669,45.0,10.0,-17.2495,66.3745,2021,5,0,21562.049000000003,96.021,18189.0
6.9,7.0,6,919,431.78896882494007,2.619,35.0,43.0,38.2296,141.665,2021,5,1,5292.999000000001,18.333000000000002,14147.0
6.5,4.0,4,651,431.78896882494007,5.931,20.0,246.0,-21.6857,-177.064,2021,4,0,11986.551,23.724,8084.0
6.5,6.0,4,652,431.78896882494007,10.405,19.0,301.0,-18.9204,-176.235,2021,4,0,21028.504999999997,62.42999999999999,12126.0
7.0,7.0,7,1052,431.78896882494007,2.378,35.0,43.0,38.4752,141.607,2021,3,1,4805.938,16.646,14147.0
6.6,5.0,5,672,431.78896882494007,3.183,18.0,13.23,54.7018,163.208,2021,3,1,6432.843,15.915,10105.0
6.5,-999.0,4,650,431.78896882494007,11.764,25.0,24.0,-28.4792,-176.619,2021,3,0,23775.043999999998,-11752.235999999999,-2018979.0
8.1,9.0,8,1021,431.78896882494007,0.739,21.0,28.93,-29.7466,-177.224,2021,3,1,1493.519,6.651,18189.0
7.4,3.0,7,843,431.78896882494007,0.437,30.0,43.0,-29.6131,-177.842,2021,3,1,883.177,1.311,6063.0
7.3,7.0,6,932,431.78896882494007,0.918,24.0,10.0,-37.596,179.544,2021,3,1,1855.278,6.426,14147.0
7.1,9.0,8,1612,431.78896882494007,3.085,11.0,43.98,37.6856,141.992,2021,2,1,6234.785,27.765,18189.0
7.7,9.0,4,918,431.78896882494007,7.989,15.0,10.0,-23.2787,171.489,2021,2,1,16145.769,71.901,18189.0
6.9,9.0,5,739,431.78896882494007,1.55,16.0,15.0,-61.8484,-55.559,2021,1,1,3132.55,13.950000000000001,18189.0
7.0,7.0,5,802,431.78896882494007,2.821,15.0,80.0,5.0074,127.517,2021,1,1,5701.241,19.747,14147.0
6.7,8.0,8,776,431.78896882494007,2.043,22.0,10.0,51.2407,100.443,2021,1,0,4128.903,16.344,16168.0
6.7,5.0,5,776,431.78896882494007,1.319,19.0,10.0,-39.3264,-74.9067,2020,12,1,2664.38,6.595,10100.0
7.0,8.0,7,1527,431.78896882494007,1.518,18.0,21.0,37.8973,26.7953,2020,10,0,3066.36,12.144,16160.0
7.6,9.0,7,1165,431.78896882494007,0.23,36.0,28.37,54.662,-159.675,2020,10,1,464.6,2.0700000000000003,18180.0
6.9,-999.0,3,732,431.78896882494007,11.255,16.0,10.0,0.9604,-26.8332,2020,9,1,22735.100000000002,-11243.745,-2017980.0
6.5,6.0,6,674,431.78896882494007,0.388,49.0,16.0,-27.9285,-71.3937,2020,9,0,783.76,2.3280000000000003,12120.0
6.8,6.0,7,824,431.78896882494007,0.312,69.0,21.0,-28.013,-71.1958,2020,9,1,630.24,1.8719999999999999,12120.0
6.5,4.0,5,651,431.78896882494007,15.394,31.0,10.0,0.8696,-29.7046,2020,8,0,31095.88,61.576,8080.0
6.9,4.0,3,749,431.78896882494007,2.267,20.0,624.0,-6.6704,123.493,2020,8,0,4579.34,9.068,8080.0
6.9,4.0,4,735,431.78896882494007,1.716,25.0,26.0,-4.2791,101.215,2020,8,0,3466.32,6.864,8080.0
6.8,5.0,4,716,431.78896882494007,1.816,34.0,22.0,-4.3724,101.095,2020,8,0,3668.32,9.08,10100.0
6.6,9.0,8,784,431.78896882494007,5.128,14.0,10.0,12.0065,124.13,2020,8,1,10358.56,46.152,18180.0
7.8,9.0,7,1111,431.78896882494007,0.621,60.0,28.0,55.1079,-158.477,2020,7,1,1254.42,5.589,18180.0
7.0,6.0,7,820,431.78896882494007,1.671,18.0,73.0,-7.847,147.755,2020,7,1,3375.42,10.026,12120.0
6.6,4.0,2,684,431.78896882494007,1.458,14.0,533.76,-5.6368,110.678,2020,7,0,2945.16,5.832,8080.0
7.4,8.0,8,1494,431.78896882494007,0.151,30.0,20.0,15.9163,-95.9533,2020,6,1,305.02,1.208,16160.0
7.4,7.0,7,873,431.78896882494007,4.035,23.0,10.0,-33.2938,-177.838,2020,6,1,8150.700000000001,28.245,14140.0
6.6,5.0,4,734,431.78896882494007,2.015,18.0,165.0,28.9386,128.262,2020,6,1,4070.3,10.075000000000001,10100.0
6.8,6.0,6,835,431.78896882494007,1.164,21.0,112.0,-23.2966,-68.4204,2020,6,1,2351.2799999999997,6.984,12120.0
6.5,7.0,8,1320,27.0,0.357,55.79,2.7,38.1689,-117.85,2020,5,0,721.14,2.4989999999999997,14140.0
6.6,4.0,6,671,431.78896882494007,3.403,12.0,107.0,-12.0662,166.648,2020,5,1,6874.06,13.612,8080.0
6.8,4.0,6,738,431.78896882494007,1.921,16.0,96.0,-6.7762,129.785,2020,5,0,3880.42,7.684,8080.0
6.5,7.0,6,678,431.78896882494007,1.293,19.0,10.0,34.1818,25.7101,2020,5,0,2611.8599999999997,9.051,14140.0
6.5,8.0,8,1410,431.78896882494007,0.885,31.0,12.06,44.4646,-115.118,2020,3,0,1787.7,7.08,16160.0
7.5,6.0,5,879,431.78896882494007,4.109,12.0,57.8,48.9638,157.695,2020,3,1,8300.18,24.654,12120.0
7.0,5.0,6,770,431.78896882494007,4.501,25.0,143.0,45.6161,148.959,2020,2,1,9092.02,22.505000000000003,10100.0
7.7,9.0,6,1812,431.78896882494007,1.657,26.0,14.86,19.4193,-78.756,2020,1,1,3347.14,14.913,18180.0
6.7,8.0,9,1247,431.78896882494007,0.87,49.0,10.0,38.4312,39.0609,2020,1,0,1757.4,6.96,16160.0
6.8,9.0,7,825,431.78896882494007,0.546,39.0,18.0,6.6969,125.174,2019,12,1,1102.374,4.914000000000001,18171.0
7.1,6.0,6,799,431.78896882494007,1.271,11.0,33.0,1.6213,126.416,2019,11,1,2566.149,7.6259999999999994,12114.0
6.5,-999.0,2,650,431.78896882494007,4.765,25.0,577.0,-21.9449,-179.511,2019,11,0,9620.535,-4760.235,-2016981.0
6.6,4.0,4,673,431.78896882494007,5.086,48.0,10.0,-18.5747,-175.272,2019,11,1,10268.634,20.344,8076.0
6.5,9.0,7,733,431.78896882494007,0.428,19.0,10.0,6.9098,125.178,2019,10,1,864.132,3.852,18171.0
6.6,9.0,7,780,431.78896882494007,0.646,24.0,15.0,6.7567,125.008,2019,10,1,1304.2740000000001,5.814,18171.0
6.7,7.0,6,844,431.78896882494007,1.269,98.0,11.0,-35.4758,-73.163,2019,9,1,2562.111,8.883,14133.0
6.5,7.0,7,656,431.78896882494007,3.909,15.0,12.26,-3.4528,128.37,2019,9,1,7892.271,27.363,14133.0
6.6,2.0,3,671,431.78896882494007,4.121,19.0,591.0,-20.3641,-178.57,2019,9,1,8320.299,8.242,4038.0
6.6,-999.0,4,670,431.78896882494007,12.896,19.0,16.0,-60.2152,-26.5801,2019,8,1,26037.024,-12883.104000000001,-2016981.0
6.9,4.0,6,875,431.78896882494007,2.839,23.0,49.0,-7.2822,104.791,2019,8,0,5731.941,11.356,8076.0
6.8,6.0,6,947,431.78896882494007,0.817,35.0,25.0,-34.2364,-72.3102,2019,8,1,1649.523,4.901999999999999,12114.0
6.6,-999.0,4,670,431.78896882494007,6.024,30.0,181.0,-16.1985,167.998,2019,7,1,12162.456,-6017.976,-2016981.0
7.2,7.0,7,809,431.78896882494007,1.504,38.0,18.98,-0.5858,128.034,2019,7,1,3036.576,10.528,14133.0
6.6,5.0,5,791,431.78896882494007,2.978,32.0,10.0,-18.2242,120.358,2019,7,0,6012.582,14.89,10095.0
6.9,7.0,5,747,431.78896882494007,1.205,21.0,35.0,0.5126,126.189,2019,7,0,2432.895,8.435,14133.0
7.1,9.0,9,1646,77.0,0.04616,43.0,8.0,35.7695,-117.599,2019,7,0,93.19704,0.41544,18171.0
7.3,4.0,6,952,431.78896882494007,2.629,16.0,212.0,-6.4078,129.169,2019,6,1,5307.951,10.516,8076.0
7.3,8.0,6,830,431.78896882494007,1.402,11.0,46.0,-30.6441,-178.1,2019,6,1,2830.638,11.216,16152.0
6.6,7.0,6,886,431.78896882494007,1.193,22.0,57.92,13.1994,-89.3056,2019,5,1,2408.667,8.351,14133.0
8.0,9.0,8,1890,431.78896882494007,3.18,17.0,122.57,-5.8119,-75.2697,2019,5,1,6420.42,28.62,18171.0
7.6,7.0,7,929,431.78896882494007,0.453,16.0,10.0,-4.051,152.597,2019,5,1,914.6070000000001,3.1710000000000003,14133.0
7.1,7.0,6,826,431.78896882494007,2.514,16.0,146.0,-6.9746,146.449,2019,5,1,5075.766,17.598,14133.0
6.8,5.0,6,717,431.78896882494007,0.791,28.0,15.46,-1.8146,122.58,2019,4,1,1597.029,3.955,10095.0
6.5,-999.0,5,650,431.78896882494007,7.568,18.0,38.0,-58.6262,-25.304,2019,4,1,15279.792,-7560.432,-2016981.0
7.0,7.0,4,869,431.78896882494007,2.501,42.0,267.0,-14.7131,-70.1546,2019,3,1,5049.518999999999,17.506999999999998,14133.0
7.5,7.0,7,1145,431.78896882494007,2.045,15.0,145.0,-2.1862,-77.0505,2019,2,1,4128.855,14.315,14133.0
6.7,6.0,6,909,431.78896882494007,0.289,43.0,66.0,14.6802,-92.4527,2019,2,1,583.491,1.734,12114.0
6.7,-999.0,3,691,431.78896882494007,7.527,17.0,13.0,-43.1219,42.3568,2019,1,0,15197.013,-7519.473,-2016981.0
6.7,8.0,8,1600,431.78896882494007,0.173,22.0,63.0,-30.0404,-71.3815,2019,1,1,349.287,1.384,16152.0
6.6,5.0,4,671,431.78896882494007,7.818,18.0,35.0,-13.336,166.875,2019,1,1,15784.542,39.089999999999996,10095.0
6.6,2.0,4,672,431.78896882494007,1.596,33.0,43.21,2.258,126.758,2019,1,1,3222.324,3.192,4038.0
6.8,3.0,3,715,431.78896882494007,1.181,16.0,570.41,-8.144,-71.587,2019,1,0,2384.4390000000003,3.543,6057.0
7.0,5.0,5,803,431.78896882494007,1.769,21.0,60.21,5.8983,126.921,2018,12,1,3569.8419999999996,8.844999999999999,10090.0
7.3,3.0,7,822,431.78896882494007,4.126,23.0,16.56,55.0999,164.699,2018,12,1,8326.268,12.378,6054.0
7.1,-999.0,5,776,431.78896882494007,7.043,20.0,133.0,-58.5446,-26.3856,2018,12,1,14212.774,-7035.957,-2015982.0
6.6,-999.0,4,670,431.78896882494007,2.679,31.0,10.0,-22.0629,169.733,2018,12,1,5406.222,-2676.321,-2015982.0
7.5,3.0,6,871,431.78896882494007,2.405,18.0,10.0,-21.9496,169.427,2018,12,1,4853.29,7.215,6054.0
7.1,8.0,8,1790,431.78896882494007,-999.0,58.55258064516131,46.7,61.3464,-149.955,2018,11,1,-2015982.0,-7992.0,16144.0
6.8,-999.0,3,711,431.78896882494007,2.879,39.0,540.0,-17.8735,-178.927,2018,11,1,5809.822,-2876.121,-2015982.0
6.7,3.0,4,693,431.78896882494007,7.853,19.0,10.0,71.6312,-11.2431,2018,11,1,15847.354,23.558999999999997,6054.0
6.8,8.0,7,954,431.78896882494007,2.268,15.0,14.0,37.5203,20.5565,2018,10,0,4576.824,18.144,16144.0
6.5,2.0,4,655,431.78896882494007,1.692,68.0,10.0,49.297,-129.724,2018,10,0,3414.4559999999997,3.384,4036.0
6.8,4.0,4,776,431.78896882494007,1.505,36.0,10.0,49.3346,-129.289,2018,10,1,3037.0899999999997,6.02,8072.0
6.5,3.0,4,669,431.78896882494007,1.611,63.0,10.0,49.2586,-129.412,2018,10,1,3250.998,4.833,6054.0
6.5,-999.0,4,650,431.78896882494007,2.109,22.0,17.0,-21.7427,169.522,2018,10,1,4255.9619999999995,-2106.891,-2015982.0
6.7,-999.0,3,691,431.78896882494007,2.705,17.0,461.0,52.8549,153.243,2018,10,1,5458.6900000000005,-2702.295,-2015982.0
6.5,-999.0,4,650,431.78896882494007,3.923,14.0,20.0,49.2902,156.297,2018,10,1,7916.6140000000005,-3919.077,-2015982.0
7.0,6.0,6,758,431.78896882494007,1.778,18.0,39.0,-5.7012,151.205,2018,10,1,3588.004,10.668,12108.0
6.7,2.0,3,691,431.78896882494007,3.745,23.0,550.0,-18.3604,-178.063,2018,9,1,7557.41,7.49,4036.0
7.5,8.0,8,2026,431.78896882494007,1.649,13.0,20.0,-0.2559,119.846,2018,9,0,3327.6820000000002,13.192,16144.0
6.5,4.0,1,651,431.78896882494007,5.139,18.0,576.0,-25.415,178.199,2018,9,0,10370.502,20.556,8072.0
6.9,3.0,4,735,431.78896882494007,2.785,18.0,115.0,-31.7447,-179.373,2018,9,0,5620.13,8.355,6054.0
6.5,3.0,6,651,431.78896882494007,1.638,25.0,68.0,-10.0207,161.503,2018,9,1,3305.484,4.914,6054.0
7.9,7.0,4,979,431.78896882494007,1.431,12.0,670.81,-18.4743,179.35,2018,9,1,2887.7580000000003,10.017,14126.0
6.6,8.0,9,1075,431.78896882494007,1.13,32.0,35.0,42.6861,141.929,2018,9,1,2280.3399999999997,9.04,16144.0
7.1,2.0,5,776,431.78896882494007,2.548,23.0,21.43,-22.0295,170.126,2018,8,1,5141.8640000000005,5.096,4036.0
7.1,-999.0,3,776,431.78896882494007,3.77,12.0,630.0,-11.0355,-70.8284,2018,8,0,7607.86,-3766.23,-2015982.0
6.5,6.0,7,652,431.78896882494007,4.797,10.0,9.0,-16.0315,168.143,2018,8,1,9680.346,28.781999999999996,12108.0
7.3,8.0,6,1570,431.78896882494007,1.822,15.0,146.82,10.7731,-62.9019,2018,8,1,3676.7960000000003,14.576,16144.0
6.9,7.0,7,1206,431.78896882494007,2.453,31.0,21.0,-8.319,116.627,2018,8,0,4950.1539999999995,17.171,14126.0
8.2,5.0,4,1050,431.78896882494007,3.63,13.0,600.0,-18.1125,-178.153,2018,8,1,7325.34,18.15,10090.0
6.5,5.0,3,743,431.78896882494007,2.719,23.0,529.0,-7.3718,119.802,2018,8,0,5486.942,13.594999999999999,10090.0
6.5,6.0,6,655,431.78896882494007,0.576,22.0,33.93,51.4234,-178.026,2018,8,1,1162.368,3.4559999999999995,12108.0
6.9,9.0,8,1704,431.78896882494007,2.271,15.0,34.0,-8.2581,116.438,2018,8,0,4582.878,20.439,18162.0
6.9,7.0,8,1392,63.0,0.11,210.0,5.81,19.3182,-155.0,2018,5,1,221.98,0.77,14126.0
6.8,5.0,3,733,431.78896882494007,5.32,16.0,559.0,-20.6588,-63.0058,2018,4,0,10735.76,26.6,10090.0
6.9,9.0,6,741,431.78896882494007,1.487,18.0,35.0,-5.5321,151.5,2018,3,1,3000.766,13.383000000000001,18162.0
6.7,5.0,6,696,431.78896882494007,1.507,15.0,40.0,-5.5024,151.402,2018,3,1,3041.1259999999997,7.534999999999999,10090.0
6.8,6.0,6,719,431.78896882494007,1.049,16.0,22.86,-4.3762,153.2,2018,3,1,2116.882,6.294,12108.0
6.7,8.0,7,697,431.78896882494007,5.457,19.0,20.49,-6.3043,142.612,2018,3,1,11012.226,43.656,16144.0
7.5,9.0,8,943,431.78896882494007,5.48,17.0,25.21,-6.0699,142.754,2018,2,1,11058.640000000001,49.32000000000001,18162.0
7.2,7.0,7,1384,431.78896882494007,0.142,82.0,22.0,16.3855,-97.9787,2018,2,1,286.556,0.9939999999999999,14126.0
7.9,9.0,4,1870,431.78896882494007,2.585,30.0,14.06,56.0039,-149.166,2018,1,1,5216.53,23.265,18162.0
7.1,9.0,7,1075,431.78896882494007,4.29,23.0,39.0,-15.7675,-74.7092,2018,1,1,8657.22,38.61,18162.0
7.5,8.0,5,1623,431.78896882494007,4.581,12.0,19.0,17.4825,-83.52,2018,1,1,9244.458,36.648,16144.0
6.5,8.0,7,998,431.78896882494007,2.365,28.0,90.0,-7.4921,108.174,2017,12,0,4770.205000000001,18.92,16136.0
6.5,1.0,5,651,431.78896882494007,17.654,23.0,17.0,-54.2189,2.1628,2017,12,1,35608.118,17.654,2017.0
7.0,4.0,6,771,431.78896882494007,0.617,14.0,10.0,-21.3246,168.671,2017,11,1,1244.489,2.468,8068.0
6.6,4.0,5,676,431.78896882494007,0.529,21.0,13.0,-21.5027,168.598,2017,11,1,1066.9930000000002,2.116,8068.0
6.5,8.0,8,1153,431.78896882494007,0.225,37.0,19.36,9.5147,-84.4865,2017,11,1,453.825,1.8,16136.0
7.3,8.0,9,2790,431.78896882494007,0.284,33.0,19.0,34.9109,45.9592,2017,11,0,572.828,2.272,16136.0
6.5,6.0,5,661,431.78896882494007,4.449,10.0,110.57,-4.2433,143.485,2017,11,1,8973.633,26.694,12102.0
6.8,5.0,5,727,431.78896882494007,4.852,21.0,10.0,-15.3197,-173.168,2017,11,1,9786.484,24.26,10085.0
6.6,3.0,5,674,431.78896882494007,0.788,29.0,22.0,-21.6484,168.859,2017,11,1,1589.396,2.364,6051.0
6.7,3.0,4,691,431.78896882494007,1.062,55.0,24.0,-21.6971,169.148,2017,10,1,2142.054,3.186,6051.0
6.7,3.0,3,694,431.78896882494007,1.634,16.0,553.81,-7.2168,123.074,2017,10,0,3295.778,4.901999999999999,6051.0
6.5,3.0,5,651,431.78896882494007,1.154,11.0,119.0,52.3909,176.769,2017,10,1,2327.618,3.4619999999999997,6051.0
7.1,9.0,8,1686,431.78896882494007,0.984,23.0,48.0,18.5499,-98.4887,2017,9,0,1984.728,8.856,18153.0
8.2,9.0,7,2910,431.78896882494007,0.944,22.0,47.39,15.0222,-93.8993,2017,9,1,1904.048,8.495999999999999,18153.0
6.5,5.0,7,707,431.78896882494007,11.411,22.0,9.0,33.1926,103.855,2017,8,0,23015.986999999997,57.055,10085.0
6.6,7.0,7,1064,431.78896882494007,0.913,16.0,7.0,36.9293,27.4139,2017,7,0,1841.521,6.391,14119.0
7.7,8.0,7,918,431.78896882494007,3.564,13.0,10.0,54.4434,168.857,2017,7,1,7188.588,28.512,16136.0
6.6,5.0,4,704,431.78896882494007,3.773,37.0,10.0,-49.4837,164.016,2017,7,1,7610.1410000000005,18.865000000000002,10085.0
6.5,9.0,8,740,431.78896882494007,4.139,30.0,9.0,11.1269,124.629,2017,7,1,8348.363000000001,37.251000000000005,18153.0
6.8,6.0,6,1034,431.78896882494007,1.065,38.0,38.12,13.7174,-90.9718,2017,6,1,2148.105,6.39,12102.0
6.9,8.0,6,1188,431.78896882494007,0.247,35.0,93.0,14.9091,-92.0092,2017,6,1,498.199,1.976,16136.0
6.8,-999.0,4,711,431.78896882494007,2.308,12.0,5.0,54.0312,170.92,2017,6,1,4655.236,-2305.692,-2014983.0
6.6,7.0,7,678,431.78896882494007,2.353,18.0,12.0,-1.2923,120.431,2017,5,0,4746.001,16.471,14119.0
6.5,-999.0,4,650,431.78896882494007,6.489,17.0,15.0,-56.414,-25.7432,2017,5,1,13088.313,-6482.5109999999995,-2014983.0
6.8,6.0,5,713,431.78896882494007,7.495,19.0,169.0,-14.5884,167.377,2017,5,1,15117.415,44.97,12102.0
6.9,9.0,6,814,431.78896882494007,1.636,14.0,26.0,5.5043,125.066,2017,4,1,3299.812,14.723999999999998,18153.0
6.9,9.0,7,1642,431.78896882494007,0.356,39.0,28.0,-33.0375,-72.0617,2017,4,1,718.052,3.2039999999999997,18153.0
6.5,7.0,8,1297,431.78896882494007,2.36,15.0,29.0,-22.6784,25.1558,2017,4,0,4760.12,16.52,14119.0
6.6,6.0,7,671,431.78896882494007,4.591,14.0,17.0,56.9401,162.786,2017,3,1,9260.047,27.546,12102.0
6.9,2.0,3,733,431.78896882494007,6.012,19.0,414.5,-23.2593,-178.804,2017,2,1,12126.204,12.024,4034.0
6.5,3.0,3,653,431.78896882494007,4.242,14.0,595.98,-19.2814,-63.9047,2017,2,0,8556.114,12.725999999999999,6051.0
6.5,8.0,7,718,431.78896882494007,2.822,36.0,15.0,9.9071,125.452,2017,2,1,5691.974,22.576,16136.0
7.9,9.0,7,987,431.78896882494007,3.625,9.0,135.0,-6.2464,155.172,2017,1,1,7311.625,32.625,18153.0
6.5,6.0,6,654,431.78896882494007,1.64,21.0,36.0,-10.3506,161.335,2017,1,1,3307.8799999999997,9.84,12102.0
7.3,6.0,3,849,431.78896882494007,3.813,18.0,627.17,4.4782,122.617,2017,1,1,7690.821,22.878,12102.0
6.9,6.0,4,742,431.78896882494007,2.495,13.0,12.0,-19.3733,176.052,2017,1,1,5032.415,14.97,12102.0
7.6,9.0,8,1152,431.78896882494007,0.355,29.0,38.0,-43.4064,-73.9413,2016,12,1,715.68,3.195,18144.0
6.7,5.0,5,726,431.78896882494007,3.38,17.0,152.0,-7.5082,127.921,2016,12,0,6814.08,16.9,10080.0
7.9,9.0,7,972,431.78896882494007,1.389,13.0,94.54,-4.5049,153.522,2016,12,1,2800.224,12.501,18144.0
6.9,8.0,6,737,431.78896882494007,1.747,26.0,19.73,-10.749,161.132,2016,12,1,3521.952,13.976,16128.0
6.5,-999.0,5,650,431.78896882494007,1.937,18.0,12.26,-10.8416,161.314,2016,12,0,3904.992,-1935.063,-2013984.0
7.8,9.0,8,961,431.78896882494007,1.836,13.0,40.0,-10.6812,161.327,2016,12,1,3701.376,16.524,18144.0
6.6,5.0,4,1120,431.78896882494007,1.405,55.0,8.45,40.4535,-126.194,2016,12,1,2832.48,7.025,10080.0
6.5,9.0,8,731,431.78896882494007,0.778,27.0,13.0,5.2834,96.1678,2016,12,0,1568.448,7.002000000000001,18144.0
6.6,8.0,7,693,431.78896882494007,1.697,20.0,17.0,39.2732,73.9776,2016,11,0,3421.152,13.576,16128.0
6.9,5.0,4,855,431.78896882494007,1.796,20.0,10.0,11.9097,-88.8968,2016,11,1,3620.736,8.98,10080.0
6.9,9.0,6,1144,431.78896882494007,0.671,10.0,9.0,37.3931,141.387,2016,11,1,1352.736,6.039000000000001,18144.0
6.5,7.0,7,664,431.78896882494007,0.283,56.0,9.0,-42.6058,173.254,2016,11,1,570.5279999999999,1.9809999999999999,14112.0
6.5,6.0,7,656,431.78896882494007,0.135,58.0,10.0,-42.3205,173.669,2016,11,1,272.16,0.81,12096.0
7.8,9.0,9,1545,431.78896882494007,0.481,21.0,15.11,-42.7373,173.054,2016,11,1,969.6959999999999,4.329,18144.0
6.6,9.0,8,2840,431.78896882494007,0.174,25.0,8.0,42.8621,13.0961,2016,10,0,350.784,1.5659999999999998,18144.0
6.6,3.0,3,677,431.78896882494007,2.022,16.0,614.0,-4.8626,108.163,2016,10,0,4076.3519999999994,6.065999999999999,6048.0
6.8,3.0,6,716,431.78896882494007,3.727,11.0,42.0,-6.0033,148.887,2016,10,1,7513.632,11.181,6048.0
6.9,2.0,3,733,431.78896882494007,4.051,9.0,596.4,-19.7819,-178.244,2016,9,1,8166.816000000001,8.102,4032.0
7.0,5.0,6,897,431.78896882494007,0.698,21.0,19.0,-37.3586,179.146,2016,9,1,1407.168,3.4899999999999998,10080.0
6.8,4.0,3,713,431.78896882494007,0.803,12.0,476.0,-3.6849,152.792,2016,8,1,1618.8480000000002,3.212,8064.0
6.8,6.0,6,981,431.78896882494007,1.802,17.0,82.0,20.9228,94.569,2016,8,0,3632.832,10.812000000000001,12096.0
7.2,6.0,5,799,431.78896882494007,4.823,14.0,16.37,-22.4765,173.117,2016,8,1,9723.168000000001,28.938000000000002,12096.0
7.7,5.0,6,971,431.78896882494007,3.294,14.0,196.0,18.5429,145.507,2016,7,1,6640.704,16.47,10080.0
6.6,4.0,6,671,431.78896882494007,2.435,16.0,50.0,-2.0967,100.665,2016,6,0,4908.96,9.74,8064.0
7.2,1.0,6,798,431.78896882494007,5.803,24.0,78.0,-56.2409,-26.9353,2016,5,1,11698.848,5.803,2016.0
6.9,3.0,3,733,431.78896882494007,5.485,19.0,405.69,-21.9724,-178.204,2016,5,1,11057.76,16.455000000000002,6048.0
6.9,8.0,7,780,431.78896882494007,1.192,17.0,29.95,0.4947,-79.616,2016,5,1,2403.072,9.536,16128.0
6.7,5.0,7,744,431.78896882494007,1.352,21.0,16.0,0.4261,-79.7899,2016,5,1,2725.632,6.760000000000001,10080.0
7.0,7.0,7,755,431.78896882494007,0.616,14.0,24.0,-16.0429,167.379,2016,4,1,1241.856,4.312,14112.0
7.8,9.0,9,1163,431.78896882494007,1.44,15.0,20.59,0.3819,-79.9218,2016,4,1,2903.04,12.959999999999999,18144.0
7.0,9.0,9,2074,431.78896882494007,0.349,32.0,10.0,32.7906,130.754,2016,4,1,703.584,3.141,18144.0
6.9,6.0,6,903,431.78896882494007,3.001,14.0,136.0,23.0944,94.8654,2016,4,0,6050.016,18.006,12096.0
6.6,6.0,4,738,431.78896882494007,0.789,17.0,212.0,36.4725,71.1311,2016,4,0,1590.624,4.734,12096.0
6.7,7.0,5,692,431.78896882494007,6.787,25.0,27.59,-13.9805,166.594,2016,4,1,13682.592,47.509,14112.0
6.7,7.0,6,691,431.78896882494007,6.697,19.0,24.0,-14.0683,166.624,2016,4,1,13501.152,46.879,14112.0
6.9,7.0,6,734,431.78896882494007,1.166,25.0,26.0,-14.3235,166.855,2016,4,1,2350.656,8.161999999999999,14112.0
7.8,4.0,3,948,431.78896882494007,7.009,20.0,24.0,-4.9521,94.3299,2016,3,0,14130.144,28.036,8064.0
7.2,3.0,7,799,431.78896882494007,0.958,17.0,177.0,53.9776,158.546,2016,1,1,1931.328,2.8739999999999997,6048.0
7.1,7.0,7,1496,431.78896882494007,-999.0,58.55258064516131,125.6,59.6204,-153.339,2016,1,1,-2013984.0,-6993.0,14112.0
6.6,3.0,4,673,431.78896882494007,2.413,74.0,10.0,18.8239,-106.934,2016,1,1,4864.607999999999,7.238999999999999,6048.0
6.7,5.0,6,717,431.78896882494007,0.281,22.0,46.0,41.9723,142.781,2016,1,1,566.4960000000001,1.4050000000000002,10080.0
6.5,3.0,6,651,431.78896882494007,3.144,22.0,13.0,3.8965,126.862,2016,1,1,6338.304,9.432,6048.0
6.7,8.0,7,1515,431.78896882494007,1.794,16.0,55.0,24.8036,93.6505,2016,1,0,3616.704,14.352,16128.0
6.6,8.0,6,765,431.78896882494007,0.41,35.0,85.0,15.8015,-93.633,2015,12,1,826.15,3.28,16120.0
6.9,8.0,5,738,431.78896882494007,2.979,14.0,21.0,-4.1064,129.508,2015,12,0,6002.685,23.832,16120.0
7.2,4.0,7,827,431.78896882494007,1.116,18.0,22.0,38.2107,72.7797,2015,12,0,2248.7400000000002,4.464,8060.0
6.7,2.0,3,691,431.78896882494007,2.033,19.0,602.75,-9.1825,-71.2574,2015,11,0,4096.495,4.066,4030.0
7.6,5.0,4,896,431.78896882494007,2.852,10.0,620.56,-10.0598,-71.0184,2015,11,0,5746.78,14.26,10075.0
7.6,6.0,5,957,431.78896882494007,3.287,10.0,606.21,-10.5372,-70.9437,2015,11,1,6623.305,19.722,12090.0
6.8,5.0,6,715,431.78896882494007,1.599,19.0,12.59,-8.8994,158.422,2015,11,1,3221.985,7.995,10075.0
6.5,7.0,7,1018,431.78896882494007,-999.0,58.55258064516131,11.0,38.67,20.6,2015,11,0,-2012985.0,-6993.0,14105.0
6.7,5.0,4,702,431.78896882494007,1.444,17.0,12.0,31.0009,128.873,2015,11,0,2909.66,7.22,10075.0
6.9,5.0,6,744,431.78896882494007,0.821,43.0,10.0,-29.5097,-72.0585,2015,11,0,1654.3149999999998,4.1049999999999995,10075.0
6.9,6.0,6,761,431.78896882494007,0.784,32.0,12.0,-29.5067,-72.0068,2015,11,1,1579.76,4.704000000000001,12090.0
6.6,7.0,4,675,431.78896882494007,2.792,31.0,10.0,6.8431,94.648,2015,11,0,5625.879999999999,19.543999999999997,14105.0
6.8,7.0,7,841,431.78896882494007,0.258,41.0,46.0,-30.8796,-71.4519,2015,11,1,519.87,1.806,14105.0
6.5,5.0,7,657,431.78896882494007,1.53,21.0,20.0,-8.3381,124.875,2015,11,0,3082.9500000000003,7.65,10075.0
7.5,8.0,7,1448,431.78896882494007,0.622,18.0,231.0,36.5244,70.3676,2015,10,0,1253.33,4.976,16120.0
7.1,6.0,6,780,431.78896882494007,0.592,11.0,135.0,-14.8595,167.303,2015,10,1,1192.8799999999999,3.5519999999999996,12090.0
6.6,7.0,7,671,431.78896882494007,2.486,13.0,18.0,-0.6212,131.262,2015,9,0,5009.290000000001,17.402,14105.0
6.6,5.0,7,820,431.78896882494007,1.064,14.0,35.0,-31.7275,-71.3792,2015,9,1,2143.96,5.32,10075.0
6.7,5.0,7,718,431.78896882494007,0.853,35.0,23.0,-31.5173,-71.804,2015,9,0,1718.795,4.265,10075.0
6.5,6.0,7,657,431.78896882494007,0.749,62.0,27.0,-31.4244,-71.6876,2015,9,0,1509.235,4.494,12090.0
7.0,8.0,7,799,431.78896882494007,0.903,13.0,28.41,-31.5622,-71.4262,2015,9,0,1819.545,7.224,16120.0
8.3,9.0,8,1960,431.78896882494007,0.684,19.0,22.44,-31.5729,-71.6744,2015,9,1,1378.2600000000002,6.156000000000001,18135.0
6.7,5.0,5,708,431.78896882494007,1.256,123.0,10.0,24.913,-109.623,2015,9,1,2530.84,6.28,10075.0
6.5,-999.0,5,650,431.78896882494007,2.045,16.0,6.43,-9.3293,157.877,2015,8,1,4120.675,-2042.955,-2012985.0
6.6,3.0,5,671,431.78896882494007,1.872,20.0,22.0,-9.3438,158.053,2015,8,1,3772.0800000000004,5.6160000000000005,6045.0
7.0,9.0,7,762,431.78896882494007,6.278,12.0,48.0,-2.6286,138.528,2015,7,1,12650.169999999998,56.501999999999995,18135.0
6.9,4.0,7,734,431.78896882494007,0.444,39.0,29.0,52.376,-169.446,2015,7,1,894.66,1.776,8060.0
7.0,8.0,6,759,431.78896882494007,5.205,22.0,11.0,-10.4012,165.141,2015,7,1,10488.075,41.64,16120.0
6.5,4.0,4,686,431.78896882494007,1.218,20.0,20.0,13.8672,-58.5479,2015,7,1,2454.27,4.872,8060.0
6.7,4.0,5,691,431.78896882494007,1.529,11.0,12.0,-9.307,158.403,2015,7,1,3080.935,6.116,8060.0
6.5,3.0,4,652,431.78896882494007,2.277,11.0,460.0,27.7375,139.725,2015,6,0,4588.155000000001,6.831,6045.0
7.8,6.0,3,1151,431.78896882494007,1.675,12.0,664.0,27.8386,140.493,2015,5,1,3375.125,10.05,12090.0
6.8,5.0,6,762,431.78896882494007,-999.0,58.55258064516131,72.6,56.594,-156.43,2015,5,1,-2012985.0,-4995.0,10075.0
6.8,1.0,5,711,431.78896882494007,3.619,18.0,10.0,-11.1093,163.215,2015,5,1,7292.285000000001,3.619,2015.0
6.9,1.0,4,732,431.78896882494007,4.024,22.0,11.19,-11.0559,163.696,2015,5,1,8108.36,4.024,2015.0
6.8,1.0,4,711,431.78896882494007,4.395,15.0,11.0,-10.8759,164.169,2015,5,1,8855.925,4.395,2015.0
6.8,8.0,6,831,431.78896882494007,1.422,8.0,35.0,38.9056,142.032,2015,5,1,2865.33,11.376,16120.0
7.3,8.0,7,1563,431.78896882494007,0.677,11.0,15.0,27.8087,86.0655,2015,5,0,1364.1550000000002,5.416,16120.0
7.1,1.0,6,776,431.78896882494007,3.835,11.0,10.0,-7.2175,154.557,2015,5,1,7727.525,3.835,2015.0
7.5,7.0,8,869,431.78896882494007,1.295,22.0,55.0,-5.4624,151.875,2015,5,1,2609.4249999999997,9.065,14105.0
6.8,5.0,6,714,431.78896882494007,1.074,23.0,44.0,-5.2005,151.777,2015,5,1,2164.11,5.37,10075.0
6.7,5.0,6,692,431.78896882494007,1.239,12.0,31.0,-5.375,151.771,2015,4,1,2496.585,6.195,10075.0
6.7,7.0,7,1016,431.78896882494007,0.727,13.0,22.91,27.7711,86.0173,2015,4,0,1464.905,5.0889999999999995,14105.0
6.6,8.0,7,733,431.78896882494007,1.778,16.0,10.0,28.2244,84.8216,2015,4,0,3582.67,14.224,16120.0
7.8,8.0,9,2820,431.78896882494007,1.857,12.0,8.22,28.2305,84.7314,2015,4,0,3741.855,14.856,16120.0
6.5,-999.0,5,650,431.78896882494007,3.702,42.0,10.0,-15.8815,-178.6,2015,4,1,7459.53,-3698.298,-2012985.0
6.5,2.0,5,650,431.78896882494007,4.629,36.0,11.0,-15.4994,-173.029,2015,3,1,9327.435,9.258,4030.0
7.5,6.0,7,872,431.78896882494007,0.666,19.0,41.0,-4.7294,152.562,2015,3,1,1341.99,3.9960000000000004,12090.0
7.0,4.0,6,760,431.78896882494007,1.362,12.0,552.06,-7.2968,122.535,2015,2,0,2744.4300000000003,5.448,8060.0
6.7,5.0,5,714,431.78896882494007,1.925,20.0,23.0,39.8558,142.881,2015,2,1,3878.875,9.625,10075.0
6.7,4.0,6,700,431.78896882494007,2.11,16.0,223.0,-23.1125,-66.688,2015,2,1,4251.65,8.44,8060.0
6.8,1.0,4,711,431.78896882494007,2.019,13.0,219.96,-17.0309,168.52,2015,1,1,4068.2850000000003,2.019,2015.0
6.5,1.0,4,650,431.78896882494007,4.318,61.0,8.0,5.9045,-82.6576,2015,1,1,8700.769999999999,4.318,2015.0
6.6,7.0,6,709,431.78896882494007,2.485,43.0,20.0,7.9401,-82.6865,2014,12,1,5004.79,17.395,14098.0
6.6,1.0,5,670,431.78896882494007,3.246,12.0,23.0,-6.5108,154.46,2014,12,1,6537.444,3.246,2014.0
6.6,1.0,3,670,431.78896882494007,2.6,9.0,614.0,6.1572,123.126,2014,12,0,5236.400000000001,2.6,2014.0
6.8,6.0,5,713,431.78896882494007,1.421,19.0,39.0,1.9604,126.575,2014,11,1,2861.8940000000002,8.526,12084.0
6.5,5.0,5,652,431.78896882494007,1.549,9.0,35.0,2.2999,127.056,2014,11,1,3119.6859999999997,7.744999999999999,10070.0
6.7,7.0,4,698,431.78896882494007,1.079,25.0,22.0,-37.6478,179.662,2014,11,1,2173.1059999999998,7.553,14098.0
7.1,4.0,6,779,431.78896882494007,1.397,18.0,45.0,1.8929,126.522,2014,11,1,2813.558,5.588,8056.0
6.6,2.0,6,671,431.78896882494007,3.557,13.0,53.19,-5.9873,148.232,2014,11,1,7163.798,7.114,4028.0
7.1,3.0,6,776,431.78896882494007,4.415,13.0,434.0,-19.6903,-177.759,2014,11,1,8891.81,13.245000000000001,6042.0
7.3,8.0,6,982,431.78896882494007,1.078,18.0,40.0,12.5262,-88.1225,2014,10,1,2171.092,8.624,16112.0
6.7,5.0,5,724,431.78896882494007,0.46,11.0,130.0,13.7641,144.429,2014,9,1,926.44,2.3000000000000003,10070.0
6.8,6.0,6,741,431.78896882494007,4.107,18.0,101.0,-14.598,-73.5714,2014,8,1,8271.498,24.642000000000003,12084.0
6.9,-999.0,4,732,431.78896882494007,6.393,12.0,13.0,0.8295,146.169,2014,8,1,12875.502,-6386.607,-2011986.0
6.9,-999.0,6,732,431.78896882494007,3.934,15.0,615.42,-19.8015,-178.4,2014,7,1,7923.076,-3930.0660000000003,-2011986.0
6.5,5.0,4,706,431.78896882494007,2.421,9.0,20.0,37.0052,142.452,2014,7,1,4875.893999999999,12.104999999999999,10070.0
6.9,8.0,7,1079,431.78896882494007,0.263,51.0,53.0,14.724,-92.4614,2014,7,1,529.682,2.104,16112.0
6.5,-999.0,4,650,431.78896882494007,2.124,15.0,20.0,-6.2304,152.807,2014,7,1,4277.736,-2121.876,-2011986.0
6.7,-999.0,5,691,431.78896882494007,6.713,45.0,18.0,-14.9831,-175.51,2014,6,1,13519.982,-6706.287,-2011986.0
6.9,-999.0,5,732,431.78896882494007,4.838,25.0,8.0,-55.4703,-28.3669,2014,6,1,9743.732,-4833.162,-2011986.0
7.9,6.0,8,963,431.78896882494007,0.133,22.0,109.0,51.8486,178.735,2014,6,1,267.862,0.798,12084.0
6.7,-999.0,5,691,431.78896882494007,0.748,43.0,26.59,-29.9414,-177.607,2014,6,0,1506.472,-747.252,-2011986.0
6.5,-999.0,5,650,431.78896882494007,0.778,30.0,10.0,-29.9379,-177.516,2014,6,0,1566.892,-777.222,-2011986.0
6.9,-999.0,5,732,431.78896882494007,0.751,35.0,20.0,-29.9772,-177.725,2014,6,1,1512.514,-750.249,-2011986.0
6.9,9.0,7,951,431.78896882494007,0.402,25.0,6.43,40.2893,25.3889,2014,5,0,809.628,3.6180000000000003,18126.0
6.5,7.0,5,694,431.78896882494007,3.121,33.0,10.0,7.2096,-82.3045,2014,5,1,6285.694,21.847,14098.0
6.6,-999.0,5,670,431.78896882494007,3.34,10.0,106.0,-21.4542,170.355,2014,5,1,6726.759999999999,-3336.66,-2011986.0
6.5,4.0,6,838,431.78896882494007,-999.0,58.55258064516131,10.0,49.6388,-127.732,2014,4,1,-2011986.0,-3996.0,8056.0
7.5,-999.0,6,865,431.78896882494007,3.82,16.0,43.37,-6.7547,155.024,2014,4,1,7693.48,-3816.18,-2011986.0
6.6,-999.0,6,670,431.78896882494007,3.803,11.0,29.0,-6.6558,155.087,2014,4,1,7659.242,-3799.197,-2011986.0
7.2,8.0,7,1017,431.78896882494007,2.25,46.0,24.0,17.397,-100.972,2014,4,1,4531.5,18.0,16112.0
6.6,-999.0,6,670,431.78896882494007,2.666,22.0,10.0,-11.1284,162.052,2014,4,0,5369.324,-2663.334,-2011986.0
7.4,-999.0,6,842,431.78896882494007,2.885,17.0,39.0,-11.4633,162.051,2014,4,1,5810.389999999999,-2882.115,-2011986.0
7.6,-999.0,7,889,431.78896882494007,2.828,13.0,22.56,-11.2701,162.148,2014,4,1,5695.592,-2825.172,-2011986.0
6.6,6.0,5,677,431.78896882494007,0.761,20.0,135.0,11.642,-85.8779,2014,4,1,1532.654,4.566,12084.0
6.5,-999.0,6,650,431.78896882494007,3.787,16.0,20.0,-6.7878,154.95,2014,4,1,7627.018,-3783.2129999999997,-2011986.0
7.1,-999.0,7,776,431.78896882494007,3.729,21.0,60.53,-6.5858,155.048,2014,4,1,7510.206,-3725.271,-2011986.0
7.7,8.0,9,1057,431.78896882494007,1.029,44.0,22.4,-20.5709,-70.4931,2014,4,1,2072.406,8.232,16112.0
6.5,7.0,7,670,431.78896882494007,0.828,82.0,24.07,-20.3113,-70.5756,2014,4,0,1667.5919999999999,5.795999999999999,14098.0
6.9,-999.0,5,732,431.78896882494007,0.828,119.0,28.42,-19.8927,-70.9455,2014,4,0,1667.5919999999999,-827.1719999999999,-2011986.0
8.2,9.0,8,1332,431.78896882494007,0.609,23.0,25.0,-19.6097,-70.7691,2014,4,1,1226.526,5.481,18126.0
6.7,7.0,7,718,431.78896882494007,1.008,44.0,20.0,-19.9807,-70.7022,2014,3,1,2030.112,7.056,14098.0
6.8,5.0,5,1211,112.0,0.6568,229.0,16.441,40.8287,-125.134,2014,3,1,1322.7952,3.2840000000000003,10070.0
6.5,4.0,5,668,431.78896882494007,1.001,17.0,119.0,27.4312,127.367,2014,3,1,2016.0139999999997,4.004,8056.0
6.5,5.0,4,681,431.78896882494007,1.635,30.0,14.83,14.6682,-58.9272,2014,2,1,3292.89,8.175,10070.0
6.9,3.0,8,733,431.78896882494007,7.496,18.0,10.0,35.9053,82.5864,2014,2,0,15096.944000000001,22.488,6042.0
6.5,-999.0,5,650,431.78896882494007,0.409,20.0,122.0,-15.0691,167.372,2014,2,1,823.726,-408.59099999999995,-2011986.0
6.5,-999.0,3,650,431.78896882494007,3.651,22.0,44.26,-32.9076,-177.881,2014,2,1,7353.114,-3647.3489999999997,-2011986.0
6.5,-999.0,4,650,431.78896882494007,3.997,14.0,187.0,-13.8633,167.249,2014,1,1,8049.958,-3993.0029999999997,-2011986.0
6.5,3.0,4,651,431.78896882494007,5.194,22.0,371.0,-17.1171,-176.545,2013,11,0,10455.521999999999,15.582,6039.0
7.7,1.0,8,912,431.78896882494007,8.05,23.0,10.0,-60.2738,-46.4011,2013,11,1,16204.650000000001,8.05,2013.0
6.9,-999.0,5,732,431.78896882494007,8.284,17.0,9.97,-60.2627,-47.0621,2013,11,1,16675.692000000003,-8275.716,-2010987.0
6.6,6.0,7,723,431.78896882494007,0.636,31.0,27.0,-30.2921,-71.5215,2013,10,1,1280.268,3.816,12078.0
7.1,6.0,4,872,431.78896882494007,3.968,10.0,35.0,37.1557,144.661,2013,10,1,7987.584,23.808,12078.0
6.6,8.0,5,692,431.78896882494007,1.98,44.0,9.45,26.0913,-110.321,2013,10,1,3985.74,15.84,16104.0
6.8,-999.0,6,711,431.78896882494007,5.79,9.0,35.0,-6.4456,154.931,2013,10,1,11655.27,-5784.21,-2010987.0
7.1,9.0,8,1092,431.78896882494007,3.144,12.0,19.04,9.8796,124.117,2013,10,1,6328.872,28.296,18117.0
6.6,5.0,6,691,431.78896882494007,1.984,40.0,40.0,35.5142,23.2523,2013,10,0,3993.792,9.92,10065.0
6.7,-999.0,3,691,431.78896882494007,2.958,11.0,573.0,53.1995,152.786,2013,10,0,5954.454000000001,-2955.0420000000004,-2010987.0
6.5,-999.0,4,650,431.78896882494007,1.709,21.0,41.54,-30.9255,-178.323,2013,9,1,3440.217,-1707.2910000000002,-2010987.0
6.8,7.0,7,1005,431.78896882494007,7.359,17.0,12.0,27.1825,65.5052,2013,9,0,14813.667,51.513,14091.0
7.1,8.0,7,843,431.78896882494007,4.446,17.0,40.0,-15.8385,-74.5112,2013,9,1,8949.797999999999,35.568,16104.0
7.7,5.0,8,2015,431.78896882494007,7.241,17.0,15.0,26.951,65.5009,2013,9,0,14576.133,36.205,10065.0
6.5,-999.0,6,650,431.78896882494007,0.735,24.0,20.0,51.5573,-174.767,2013,9,1,1479.555,-734.265,-2010987.0
6.5,5.0,3,739,431.78896882494007,3.276,26.0,402.0,29.9377,138.833,2013,9,0,6594.588,16.38,10065.0
6.5,4.0,5,668,431.78896882494007,3.097,11.0,112.0,-7.44,128.221,2013,9,0,6234.2609999999995,12.388,8052.0
7.0,5.0,6,758,431.78896882494007,0.624,53.0,29.0,51.537,-175.23,2013,8,0,1256.112,3.12,10065.0
6.5,9.0,7,690,431.78896882494007,-999.0,58.55258064516131,8.2,-41.734,174.152,2013,8,1,-2010987.0,-8991.0,18117.0
6.7,4.0,5,715,431.78896882494007,3.741,22.0,12.0,5.7732,-78.1999,2013,8,1,7530.633,14.964,8052.0
6.5,6.0,7,693,229.0,-999.0,20.0,17.0,-41.704,174.337,2013,7,1,-2010987.0,-5994.0,12078.0
7.3,-999.0,6,820,398.0,-999.0,43.0,11.0,-60.857,-25.07,2013,7,1,-2010987.0,998001.0,-2010987.0
6.6,4.0,6,674,139.0,-999.0,14.0,56.0,-6.029,149.706,2013,7,0,-2010987.0,-3996.0,8052.0
7.3,-999.0,4,820,117.0,-999.0,24.0,385.5,-3.917,153.927,2013,7,1,-2010987.0,998001.0,-2010987.0
6.6,-999.0,7,670,111.0,-999.0,16.0,10.0,10.701,-42.594,2013,6,1,-2010987.0,998001.0,-2010987.0
6.5,5.0,6,679,698.0,-999.0,27.0,30.0,11.763,-86.926,2013,6,1,-2010987.0,-4995.0,10065.0
6.7,5.0,4,710,515.0,-999.0,24.0,9.0,-10.004,107.236,2013,6,0,-2010987.0,-4995.0,10065.0
6.7,-999.0,3,691,217.0,-999.0,25.2,624.0,52.235,151.444,2013,5,1,-2010987.0,998001.0,-2010987.0
8.3,5.0,5,1115,385.0,-999.0,10.0,598.1,54.892,153.221,2013,5,1,-2010987.0,-4995.0,10065.0
7.4,-999.0,6,842,626.0,-999.0,16.0,173.7,-23.009,-177.232,2013,5,1,-2010987.0,998001.0,-2010987.0
6.8,-999.0,3,711,131.0,-999.0,18.0,602.2,18.728,145.288,2013,5,0,-2010987.0,998001.0,-2010987.0
6.5,-999.0,6,650,264.0,-999.0,16.6,10.0,-3.898,152.127,2013,4,1,-2010987.0,998001.0,-2010987.0
6.6,8.0,8,2083,548.0,-999.0,12.6,14.0,30.308,102.888,2013,4,0,-2010987.0,-7992.0,16104.0
7.2,5.0,7,804,770.0,-999.0,10.1,110.0,46.221,150.788,2013,4,1,-2010987.0,-4995.0,10065.0
6.6,7.0,7,672,445.0,-999.0,11.0,13.0,-3.214,142.542,2013,4,1,-2010987.0,-6993.0,14091.0
7.7,8.0,8,1421,506.0,-999.0,26.6,80.0,28.033,61.996,2013,4,0,-2010987.0,-7992.0,16104.0
6.6,-999.0,5,670,491.0,-999.0,11.5,31.0,-6.475,154.607,2013,4,1,-2010987.0,998001.0,-2010987.0
7.0,3.0,7,755,640.0,-999.0,11.4,66.0,-3.517,138.476,2013,4,1,-2010987.0,-2997.0,6039.0
6.5,-999.0,6,650,317.0,-999.0,14.2,28.0,-6.598,148.174,2013,3,1,-2010987.0,998001.0,-2010987.0
6.5,3.0,6,651,480.0,-999.0,20.7,29.0,50.958,157.408,2013,3,0,-2010987.0,-2997.0,6039.0
6.9,5.0,6,736,531.0,-999.0,20.7,41.0,50.954,157.283,2013,2,1,-2010987.0,-4995.0,10065.0
6.6,-999.0,7,670,697.0,-999.0,15.3,11.0,67.631,142.508,2013,2,1,-2010987.0,998001.0,-2010987.0
6.6,-999.0,6,670,421.0,-999.0,16.6,18.0,-10.994,165.741,2013,2,1,-2010987.0,998001.0,-2010987.0
6.9,5.0,5,904,562.0,-999.0,23.7,145.0,1.135,-77.393,2013,2,1,-2010987.0,-4995.0,10065.0
7.1,9.0,6,780,334.0,-999.0,16.5,21.0,-10.928,166.018,2013,2,1,-2010987.0,-8991.0,18117.0
6.8,-999.0,7,711,400.0,-999.0,17.5,12.0,-10.838,165.969,2013,2,1,-2010987.0,998001.0,-2010987.0
6.7,-999.0,6,691,387.0,-999.0,26.5,11.0,-10.997,165.655,2013,2,1,-2010987.0,998001.0,-2010987.0
7.0,-999.0,6,754,445.0,-999.0,17.5,8.8,-10.499,165.588,2013,2,0,-2010987.0,998001.0,-2010987.0
7.1,-999.0,5,776,550.0,-999.0,18.4,10.0,-11.183,164.882,2013,2,0,-2010987.0,998001.0,-2010987.0
8.0,8.0,7,993,460.0,-999.0,20.9,24.0,-10.799,165.114,2013,2,1,-2010987.0,-7992.0,16104.0
6.9,6.0,7,814,686.0,-999.0,28.0,107.0,42.77,143.092,2013,2,0,-2010987.0,-5994.0,12078.0
6.8,6.0,7,771,596.0,-999.0,19.3,45.0,-28.094,-70.653,2013,1,0,-2010987.0,-5994.0,12078.0
7.5,6.0,6,1425,431.78896882494007,-999.0,58.55258064516131,8.7,55.228,-134.859,2013,1,0,-2010987.0,-5994.0,12078.0
6.7,-999.0,4,691,521.0,-999.0,13.7,200.7,-14.344,167.286,2012,12,0,-2009988.0,998001.0,-2009988.0
7.1,5.0,5,843,517.0,-999.0,8.7,155.0,-6.533,129.825,2012,12,0,-2009988.0,-4995.0,10060.0
7.3,6.0,5,1014,918.0,-999.0,14.8,31.0,37.89,143.949,2012,12,0,-2009988.0,-5994.0,12072.0
6.5,4.0,5,708,598.0,-999.0,57.3,20.0,14.129,-92.164,2012,11,0,-2009988.0,-3996.0,8048.0
6.8,7.0,6,795,391.0,-999.0,13.7,13.7,23.005,95.885,2012,11,0,-2009988.0,-6993.0,14084.0
7.4,8.0,7,1455,751.0,-999.0,25.5,24.0,13.988,-91.895,2012,11,0,-2009988.0,-7992.0,16096.0
7.8,8.0,7,1726,807.0,-999.0,42.7,14.0,52.788,-132.101,2012,10,0,-2009988.0,-7992.0,16096.0
6.5,6.0,6,745,691.0,-999.0,34.4,17.0,10.086,-85.298,2012,10,0,-2009988.0,-5994.0,12072.0
6.6,3.0,5,675,291.0,-999.0,17.7,13.0,-4.892,134.03,2012,10,0,-2009988.0,-2997.0,6036.0
7.3,7.0,6,1221,934.0,-999.0,15.5,170.0,1.929,-76.362,2012,9,0,-2009988.0,-6993.0,14084.0
7.6,8.0,7,1555,703.0,-999.0,34.3,35.0,10.085,-85.315,2012,9,0,-2009988.0,-7992.0,16096.0
7.6,8.0,5,1115,682.0,-999.0,10.2,28.0,10.811,126.638,2012,8,0,-2009988.0,-7992.0,16096.0
7.3,5.0,5,994,417.0,-999.0,37.0,28.0,12.139,-88.59,2012,8,0,-2009988.0,-4995.0,10060.0
6.6,4.0,5,678,497.0,-999.0,14.6,91.1,2.19,126.837,2012,8,0,-2009988.0,-3996.0,8048.0
7.7,7.0,4,941,862.0,-999.0,13.8,583.2,49.8,145.064,2012,8,0,-2009988.0,-6993.0,14084.0
6.5,5.0,6,653,576.0,-999.0,11.7,41.0,-4.651,153.173,2012,7,0,-2009988.0,-4995.0,10060.0
6.6,4.0,5,675,529.0,-999.0,15.7,134.7,-18.685,-174.705,2012,4,0,-2009988.0,-3996.0,8048.0
6.7,-999.0,7,691,370.0,-999.0,15.4,16.0,-1.617,134.276,2012,4,0,-2009988.0,998001.0,-2009988.0
6.8,6.0,5,732,597.0,-999.0,12.6,198.0,-5.462,147.117,2012,4,0,-2009988.0,-5994.0,12072.0
6.7,-999.0,7,691,518.0,-999.0,26.9,29.0,-32.625,-71.365,2012,4,0,-2009988.0,998001.0,-2009988.0
7.0,7.0,7,1000,474.0,-999.0,95.9,13.0,28.696,-113.104,2012,4,0,-2009988.0,-6993.0,14084.0
6.5,7.0,6,1171,599.0,-999.0,54.1,20.0,18.229,-102.689,2012,4,0,-2009988.0,-6993.0,14084.0
8.2,9.0,6,1213,341.0,-999.0,14.9,25.1,0.802,92.463,2012,4,0,-2009988.0,-8991.0,18108.0
8.6,9.0,7,2048,499.0,-999.0,16.6,20.0,2.327,93.063,2012,4,0,-2009988.0,-8991.0,18108.0
7.1,7.0,7,1496,553.0,-999.0,15.2,40.7,-35.2,-72.217,2012,3,0,-2009988.0,-6993.0,14084.0
6.6,6.0,6,709,640.0,-999.0,10.1,118.0,-6.242,145.955,2012,3,0,-2009988.0,-5994.0,12072.0
7.4,9.0,8,1752,672.0,-999.0,37.9,20.0,16.493,-98.231,2012,3,0,-2009988.0,-8991.0,18108.0
6.7,7.0,7,833,596.0,-999.0,13.4,12.0,51.708,95.991,2012,2,0,-2009988.0,-6993.0,14084.0
6.7,9.0,7,1551,572.0,-999.0,11.1,11.0,9.999,123.206,2012,2,0,-2009988.0,-8991.0,18108.0
7.1,5.0,5,793,573.0,-999.0,12.0,23.0,-17.827,167.133,2012,2,0,-2009988.0,-4995.0,10060.0
7.2,4.0,4,838,443.0,-999.0,17.0,19.0,2.433,93.21,2012,1,0,-2009988.0,-3996.0,8048.0
6.6,-999.0,7,670,545.0,-999.0,17.6,15.0,51.842,95.911,2011,12,0,-2008989.0,998001.0,-2008989.0
7.1,6.0,6,834,485.0,-999.0,10.6,135.0,-7.551,146.809,2011,12,0,-2008989.0,-5994.0,12066.0
6.5,8.0,7,1400,578.0,-999.0,38.6,59.0,17.986,-99.789,2011,12,0,-2008989.0,-7992.0,16088.0
6.9,6.0,7,847,474.0,-999.0,46.5,24.0,-14.438,-75.966,2011,10,0,-2008989.0,-5994.0,12066.0
7.1,9.0,9,1096,693.0,-999.0,19.7,18.0,38.721,43.508,2011,10,0,-2008989.0,-8991.0,18099.0
6.5,3.0,6,655,423.0,-999.0,12.6,37.0,-6.57,147.881,2011,10,0,-2008989.0,-2997.0,6033.0
6.9,8.0,8,1562,383.0,-999.0,13.0,50.0,27.73,88.155,2011,9,0,-2008989.0,-7992.0,16088.0
6.7,5.0,5,712,667.0,-999.0,10.9,30.0,40.273,142.779,2011,9,0,-2008989.0,-4995.0,10055.0
6.7,5.0,6,915,447.0,-999.0,15.3,91.0,2.965,97.893,2011,9,0,-2008989.0,-4995.0,10055.0
7.0,7.0,5,761,406.0,-999.0,15.3,185.1,-20.671,169.716,2011,9,0,-2008989.0,-6993.0,14077.0
7.0,6.0,6,913,471.0,-999.0,26.9,147.0,-7.641,-74.525,2011,8,0,-2008989.0,-5994.0,12066.0
7.1,5.0,6,787,564.0,-999.0,12.3,28.0,-18.311,168.218,2011,8,0,-2008989.0,-4995.0,10055.0
6.5,-999.0,5,650,322.0,-999.0,15.0,35.0,-18.308,168.156,2011,8,0,-2008989.0,998001.0,-2008989.0
7.2,8.0,6,813,280.0,-999.0,18.4,32.0,-18.365,168.143,2011,8,0,-2008989.0,-7992.0,16088.0
6.6,3.0,6,674,229.0,-999.0,16.6,10.0,-3.518,144.828,2011,7,0,-2008989.0,-2997.0,6033.0
7.6,3.0,7,893,567.0,-999.0,33.5,17.0,-29.539,-176.34,2011,7,0,-2008989.0,-2997.0,6033.0
6.7,6.0,6,749,592.0,-999.0,24.9,33.0,39.955,142.205,2011,6,0,-2008989.0,-5994.0,12066.0
6.8,4.0,5,734,519.0,-999.0,12.5,11.0,-20.244,168.226,2011,5,0,-2008989.0,-3996.0,8044.0
6.8,5.0,6,719,445.0,-999.0,13.0,79.0,-10.375,161.2,2011,4,0,-2008989.0,-4995.0,10055.0
6.6,7.0,7,822,586.0,-999.0,10.1,11.0,37.001,140.401,2011,4,0,-2008989.0,-6993.0,14077.0
7.1,8.0,8,1114,446.0,-999.0,17.7,42.0,38.276,141.588,2011,4,0,-2008989.0,-7992.0,16088.0
6.6,7.0,6,897,518.0,-999.0,37.2,166.2,17.208,-94.338,2011,4,0,-2008989.0,-6993.0,14077.0
6.9,7.0,9,1154,335.0,-999.0,18.2,8.0,20.687,99.822,2011,3,0,-2008989.0,-6993.0,14077.0
6.6,6.0,5,673,668.0,-999.0,9.5,25.7,39.241,142.463,2011,3,0,-2008989.0,-5994.0,12066.0
6.5,-999.0,4,650,369.0,-999.0,18.7,6.8,36.166,141.562,2011,3,0,-2008989.0,998001.0,-2008989.0
7.7,7.0,4,931,507.0,-999.0,10.8,18.6,38.058,144.59,2011,3,0,-2008989.0,-6993.0,14077.0
7.9,8.0,7,1140,163.0,-999.0,48.4,42.6,36.281,141.111,2011,3,0,-2008989.0,-7992.0,16088.0
9.1,9.0,8,2184,541.0,-999.0,9.5,29.0,38.297,142.373,2011,3,0,-2008989.0,-8991.0,18099.0
7.3,5.0,5,972,550.0,-999.0,17.4,32.0,38.435,142.842,2011,3,0,-2008989.0,-4995.0,10055.0
6.7,5.0,6,731,358.0,-999.0,33.9,21.0,-35.38,-72.834,2011,2,0,-2008989.0,-4995.0,10055.0
6.9,7.0,7,988,382.0,-999.0,34.7,26.0,-36.422,-72.96,2011,2,0,-2008989.0,-6993.0,14077.0
7.2,7.0,7,1449,372.0,-999.0,25.3,68.0,28.777,63.951,2011,1,0,-2008989.0,-6993.0,14077.0
7.0,2.0,5,755,578.0,-999.0,13.3,9.0,-20.628,168.471,2011,1,0,-2008989.0,-1998.0,4022.0
7.2,8.0,7,1054,397.0,-999.0,30.1,24.0,-38.355,-73.326,2011,1,0,-2008989.0,-7992.0,16088.0
7.3,-999.0,5,820,409.0,-999.0,12.0,16.0,-19.702,167.947,2010,12,0,-2007990.0,998001.0,-2007990.0
6.7,3.0,7,708,279.0,-999.0,24.3,12.0,28.412,59.18,2010,12,0,-2007990.0,-2997.0,6030.0
6.6,-999.0,6,670,306.0,-999.0,18.5,33.0,-6.001,149.977,2010,12,0,-2007990.0,998001.0,-2007990.0
7.8,4.0,7,946,379.0,-999.0,23.0,20.1,-3.487,100.082,2010,10,0,-2007990.0,-3996.0,8040.0
6.7,5.0,5,776,352.0,-999.0,50.3,13.0,24.696,-109.156,2010,10,0,-2007990.0,-4995.0,10050.0
7.0,8.0,5,772,271.0,-999.0,15.1,26.0,-4.963,133.76,2010,9,0,-2007990.0,-7992.0,16080.0
7.0,8.0,8,1245,365.0,-999.0,15.8,12.0,-43.522,171.83,2010,9,0,-2007990.0,-7992.0,16080.0
7.1,6.0,5,945,672.0,-999.0,12.4,206.7,-1.266,-77.306,2010,8,0,-2007990.0,-5994.0,12060.0
7.3,7.0,7,850,405.0,-999.0,20.2,25.0,-17.541,168.069,2010,8,0,-2007990.0,-6993.0,14070.0
7.0,4.0,6,757,396.0,-999.0,12.7,44.0,-5.746,150.765,2010,8,0,-2007990.0,-3996.0,8040.0
6.5,5.0,4,659,403.0,-999.0,11.1,220.0,-5.486,146.822,2010,8,0,-2007990.0,-4995.0,10050.0
7.6,5.0,3,902,340.0,-999.0,15.1,578.0,6.497,123.48,2010,7,0,-2007990.0,-4995.0,10050.0
7.3,8.0,7,831,397.0,-999.0,18.2,35.0,-5.931,150.59,2010,7,0,-2007990.0,-7992.0,16080.0
6.9,4.0,7,737,456.0,-999.0,15.7,28.0,-5.966,150.428,2010,7,0,-2007990.0,-3996.0,8040.0
6.6,6.0,7,753,295.0,-999.0,52.8,22.0,-38.067,-73.31,2010,7,0,-2007990.0,-5994.0,12060.0
6.7,5.0,6,696,392.0,-999.0,18.7,35.0,-10.627,161.447,2010,6,0,-2007990.0,-4995.0,10050.0
6.6,-999.0,7,670,309.0,-999.0,25.0,10.5,-2.329,136.484,2010,6,0,-2007990.0,998001.0,-2007990.0
7.0,3.0,7,755,307.0,-999.0,18.1,18.0,-2.174,136.543,2010,6,0,-2007990.0,-2997.0,6030.0
7.5,6.0,5,1144,514.0,-999.0,18.6,35.0,7.881,91.936,2010,6,0,-2007990.0,-5994.0,12060.0
7.2,5.0,6,804,327.0,-999.0,11.7,31.0,-13.698,166.643,2010,5,0,-2007990.0,-4995.0,10050.0
7.2,5.0,6,918,611.0,-999.0,20.6,38.0,3.748,96.018,2010,5,0,-2007990.0,-4995.0,10050.0
6.9,6.0,9,773,410.0,-999.0,14.9,17.0,33.165,96.548,2010,4,0,-2007990.0,-5994.0,12060.0
6.9,4.0,5,740,399.0,-999.0,12.1,21.0,-10.878,161.116,2010,4,0,-2007990.0,-3996.0,8040.0
7.8,-999.0,7,936,352.0,-999.0,19.2,31.0,2.383,97.048,2010,4,0,-2007990.0,998001.0,-2007990.0
7.2,9.0,9,2910,10.0,0.5137,239.0,9.987,32.2862,-115.295,2010,4,0,1032.537,4.6233,18090.0
6.6,5.0,6,701,413.0,-999.0,16.7,34.0,13.667,92.831,2010,3,0,-2007990.0,-4995.0,10050.0
6.7,5.0,6,856,312.0,-999.0,34.7,18.0,-36.217,-73.257,2010,3,0,-2007990.0,-4995.0,10050.0
6.5,6.0,5,810,491.0,-999.0,27.0,32.0,37.745,141.59,2010,3,0,-2007990.0,-5994.0,12060.0
7.0,7.0,7,874,403.0,-999.0,17.1,18.0,-34.326,-71.799,2010,3,0,-2007990.0,-6993.0,14070.0
6.9,7.0,7,1280,415.0,-999.0,12.5,11.0,-34.29,-71.891,2010,3,0,-2007990.0,-6993.0,14070.0
6.8,4.0,6,717,401.0,-999.0,23.2,26.0,-3.762,100.991,2010,3,0,-2007990.0,-3996.0,8040.0
6.6,7.0,7,736,255.0,-999.0,27.8,18.0,-36.665,-73.374,2010,3,0,-2007990.0,-6993.0,14070.0
6.5,-999.0,4,650,426.0,-999.0,18.7,176.0,-13.571,167.227,2010,3,0,-2007990.0,998001.0,-2007990.0
7.4,-999.0,5,842,409.0,-999.0,17.6,35.0,-37.773,-75.048,2010,2,0,-2007990.0,998001.0,-2007990.0
8.8,8.0,8,1991,454.0,-999.0,17.8,22.9,-36.122,-72.898,2010,2,0,-2007990.0,-7992.0,16080.0
7.0,6.0,6,1180,487.0,-999.0,15.7,25.0,25.93,128.425,2010,2,0,-2007990.0,-5994.0,12060.0
7.0,9.0,9,1623,500.0,-999.0,22.7,13.0,18.443,-72.571,2010,1,0,-2007990.0,-8991.0,18090.0
6.5,7.0,7,1360,51.0,0.3225,220.0,28.737,40.652,-124.692,2010,1,0,648.225,2.2575000000000003,14070.0
6.8,3.0,6,713,338.0,-999.0,15.0,15.4,-9.019,157.551,2010,1,0,-2007990.0,-2997.0,6030.0
7.1,5.0,7,780,377.0,-999.0,15.0,10.0,-8.783,157.354,2010,1,0,-2007990.0,-4995.0,10050.0
6.6,5.0,7,672,282.0,-999.0,16.6,10.0,-8.726,157.487,2010,1,0,-2007990.0,-4995.0,10050.0
6.5,6.0,7,698,390.0,-999.0,17.7,27.0,-19.394,-70.321,2009,11,0,-2006991.0,-5994.0,12054.0
7.3,-999.0,4,820,430.0,-999.0,15.0,595.0,-17.239,178.331,2009,11,0,-2006991.0,998001.0,-2006991.0
6.6,7.0,6,677,305.0,-999.0,20.4,18.0,-8.207,118.631,2009,11,0,-2006991.0,-6993.0,14063.0
6.8,-999.0,6,711,424.0,-999.0,21.4,34.0,29.218,129.782,2009,10,0,-2006991.0,998001.0,-2006991.0
6.9,4.0,6,972,397.0,-999.0,11.0,130.0,-6.133,130.385,2009,10,0,-2006991.0,-3996.0,8036.0
6.8,-999.0,5,711,174.0,-999.0,30.2,35.0,-13.298,165.91,2009,10,0,-2006991.0,998001.0,-2006991.0
7.4,-999.0,7,842,314.0,-999.0,20.2,31.1,-13.093,166.497,2009,10,0,-2006991.0,998001.0,-2006991.0
7.8,-999.0,6,936,195.0,-999.0,20.3,35.0,-12.517,166.382,2009,10,0,-2006991.0,998001.0,-2006991.0
7.7,4.0,7,916,283.0,-999.0,23.2,45.0,-13.006,166.51,2009,10,0,-2006991.0,-3996.0,8036.0
6.6,7.0,7,787,417.0,-999.0,30.1,9.0,-2.482,101.524,2009,10,0,-2006991.0,-6993.0,14063.0
7.6,8.0,8,1639,498.0,-999.0,14.0,81.0,-0.72,99.867,2009,9,0,-2006991.0,-7992.0,16072.0
8.1,7.0,6,1055,520.0,-999.0,20.8,18.0,-15.489,-172.095,2009,9,0,-2006991.0,-6993.0,14063.0
7.0,7.0,7,1175,312.0,-999.0,16.3,46.0,-7.782,107.297,2009,9,0,-2006991.0,-6993.0,14063.0
6.7,5.0,6,753,369.0,-999.0,14.9,20.0,-1.479,99.49,2009,8,0,-2006991.0,-4995.0,10045.0
6.6,4.0,5,703,336.0,-999.0,14.1,53.0,32.821,140.395,2009,8,0,-2006991.0,-3996.0,8036.0
7.5,7.0,6,1248,303.0,-999.0,18.2,24.0,14.099,92.902,2009,8,0,-2006991.0,-6993.0,14063.0
7.1,5.0,4,1005,447.0,-999.0,14.2,292.0,33.167,137.944,2009,8,0,-2006991.0,-4995.0,10045.0
6.9,5.0,7,1202,243.0,-999.0,35.0,10.0,29.039,-112.903,2009,8,0,-2006991.0,-4995.0,10045.0
7.8,6.0,8,1165,434.0,-999.0,16.8,12.0,-45.762,166.562,2009,7,0,-2006991.0,-5994.0,12054.0
6.7,5.0,5,693,269.0,-999.0,13.8,64.0,-5.157,153.782,2009,6,0,-2006991.0,-4995.0,10045.0
7.3,7.0,8,1560,464.0,-999.0,27.2,19.0,16.731,-86.217,2009,5,0,-2006991.0,-6993.0,14063.0
7.6,7.0,5,916,504.0,-999.0,14.0,31.0,-23.043,-174.66,2009,3,0,-2006991.0,-6993.0,14063.0
7.2,3.0,7,802,432.0,-999.0,18.6,20.0,3.886,126.387,2009,2,0,-2006991.0,-2997.0,6027.0
7.4,7.0,7,846,314.0,-999.0,21.1,23.0,-0.691,133.305,2009,1,0,-2006991.0,-6993.0,14063.0
6.6,5.0,4,765,344.0,-999.0,22.6,204.8,36.419,70.743,2009,1,0,-2006991.0,-4995.0,10045.0
7.7,5.0,7,918,288.0,-999.0,29.8,17.0,-0.414,132.885,2009,1,0,-2006991.0,-4995.0,10045.0
7.4,9.0,7,848,365.0,-999.0,33.7,30.0,1.271,122.091,2008,11,0,-2005992.0,-8991.0,18072.0
6.7,5.0,6,731,481.0,-999.0,28.6,24.0,14.423,-92.364,2008,10,0,-2005992.0,-4995.0,10040.0
6.7,-999.0,6,691,529.0,-999.0,22.3,27.4,39.533,73.824,2008,10,0,-2005992.0,998001.0,-2005992.0
6.8,-999.0,6,711,500.0,-999.0,22.2,25.0,41.892,143.754,2008,9,0,-2005992.0,998001.0,-2005992.0
6.6,-999.0,6,670,463.0,-999.0,14.1,96.0,1.885,127.363,2008,9,0,-2005992.0,998001.0,-2005992.0
6.9,-999.0,6,732,531.0,-999.0,14.9,110.0,-13.501,166.967,2008,9,0,-2005992.0,998001.0,-2005992.0
6.7,4.0,7,692,325.0,-999.0,28.0,12.0,30.901,83.52,2008,8,0,-2005992.0,-3996.0,8032.0
6.8,8.0,7,1046,633.0,-999.0,20.2,108.0,39.802,141.464,2008,7,0,-2005992.0,-7992.0,16064.0
7.0,5.0,5,840,577.0,-999.0,18.2,22.0,37.552,142.214,2008,7,0,-2005992.0,-4995.0,10040.0
6.9,5.0,5,825,431.78896882494007,-999.0,58.55258064516131,25.5,37.55,142.714,2008,7,0,-2005992.0,-4995.0,10040.0
6.6,4.0,5,680,630.0,-999.0,18.4,17.0,11.005,91.824,2008,6,0,-2005992.0,-3996.0,8032.0
6.9,7.0,8,888,654.0,-999.0,17.1,7.8,39.03,140.881,2008,6,0,-2005992.0,-6993.0,14056.0
7.9,9.0,9,1870,774.0,-999.0,11.3,19.0,31.002,103.322,2008,5,0,-2005992.0,-8991.0,18072.0
6.9,5.0,5,910,519.0,-999.0,21.1,27.0,36.164,141.526,2008,5,0,-2005992.0,-4995.0,10040.0
7.3,-999.0,6,820,486.0,-999.0,13.4,33.0,-20.071,168.892,2008,4,0,-2005992.0,998001.0,-2005992.0
7.2,-999.0,7,798,532.0,-999.0,25.9,10.0,35.49,81.467,2008,3,0,-2005992.0,998001.0,-2005992.0
6.9,4.0,5,740,544.0,-999.0,25.9,24.0,13.351,125.63,2008,3,0,-2005992.0,-3996.0,8032.0
6.7,5.0,6,696,543.0,-999.0,15.1,25.0,-2.245,99.808,2008,2,0,-2005992.0,-4995.0,10040.0
6.6,4.0,6,674,421.0,-999.0,17.7,25.0,-2.332,99.891,2008,2,0,-2005992.0,-3996.0,8032.0
7.2,4.0,7,832,505.0,-999.0,18.4,25.0,-2.486,99.972,2008,2,0,-2005992.0,-3996.0,8032.0
6.5,4.0,6,654,429.0,-999.0,28.3,22.0,-2.405,99.931,2008,2,0,-2005992.0,-3996.0,8032.0
7.4,5.0,7,914,607.0,-999.0,16.4,26.0,2.768,95.964,2008,2,0,-2005992.0,-4995.0,10040.0
6.5,8.0,5,692,650.0,-999.0,30.7,28.0,36.345,21.863,2008,2,0,-2005992.0,-7992.0,16064.0
6.9,6.0,6,941,645.0,-999.0,30.6,29.0,36.501,21.67,2008,2,0,-2005992.0,-5994.0,12048.0
6.5,7.0,6,723,521.0,-999.0,27.6,83.0,16.357,-94.304,2008,2,0,-2005992.0,-6993.0,14056.0
6.6,7.0,6,808,461.0,-999.0,18.8,20.0,-39.011,178.291,2007,12,0,-2004993.0,-6993.0,14049.0
6.7,5.0,7,704,481.0,-999.0,30.3,45.0,-22.954,-70.182,2007,12,0,-2004993.0,-4995.0,10035.0
7.4,7.0,7,1542,663.0,-999.0,13.4,156.0,14.944,-61.274,2007,11,0,-2004993.0,-6993.0,14049.0
6.6,3.0,6,672,280.0,-999.0,26.9,16.0,-10.95,162.149,2007,11,0,-2004993.0,-2997.0,6021.0
6.5,5.0,7,653,272.0,-999.0,27.6,18.0,-8.224,118.467,2007,11,0,-2004993.0,-4995.0,10035.0
6.5,7.0,7,657,353.0,-999.0,27.5,20.0,-8.292,118.37,2007,11,0,-2004993.0,-6993.0,14049.0
6.8,6.0,6,722,341.0,-999.0,15.9,53.0,-5.757,147.098,2007,11,0,-2004993.0,-5994.0,12042.0
6.8,7.0,6,790,649.0,-999.0,27.0,122.9,-2.312,-77.838,2007,11,0,-2004993.0,-6993.0,14049.0
6.8,6.0,7,716,285.0,-999.0,40.1,26.0,-22.925,-70.237,2007,11,0,-2004993.0,-5994.0,12042.0
7.7,8.0,7,995,610.0,-999.0,22.4,40.0,-22.247,-69.89,2007,11,0,-2004993.0,-7992.0,16056.0
6.8,3.0,5,713,494.0,-999.0,23.9,21.0,-3.899,101.02,2007,10,0,-2004993.0,-2997.0,6021.0
6.8,4.0,7,744,338.0,-999.0,19.0,18.0,-44.796,167.553,2007,10,0,-2004993.0,-3996.0,8028.0
6.8,4.0,5,713,348.0,-999.0,15.5,40.0,-4.99,153.5,2007,9,0,-2004993.0,-3996.0,8028.0
6.7,3.0,5,696,503.0,-999.0,26.9,30.0,-1.999,100.141,2007,9,0,-2004993.0,-2997.0,6021.0
7.0,4.0,7,768,537.0,-999.0,23.1,22.0,-2.13,99.627,2007,9,0,-2004993.0,-3996.0,8028.0
6.5,-999.0,5,650,409.0,-999.0,26.2,28.9,-1.689,99.668,2007,9,0,-2004993.0,998001.0,-2004993.0
7.9,8.0,7,1133,446.0,-999.0,29.1,35.0,-2.625,100.841,2007,9,0,-2004993.0,-7992.0,16056.0
7.8,7.0,8,1152,431.78896882494007,-999.0,58.55258064516131,40.5,-2.52,100.139,2007,9,0,-2004993.0,-6993.0,14049.0
8.4,-999.0,6,1086,411.0,-999.0,32.3,34.0,-4.438,101.367,2007,9,0,-2004993.0,998001.0,-2004993.0
6.8,5.0,6,747,653.0,-999.0,17.6,15.0,2.966,-77.963,2007,9,0,-2004993.0,-4995.0,10035.0
7.2,-999.0,5,798,312.0,-999.0,21.3,35.0,-11.61,165.762,2007,9,0,-2004993.0,998001.0,-2004993.0
6.5,5.0,6,675,382.0,-999.0,12.8,15.0,-9.834,159.465,2007,8,0,-2004993.0,-4995.0,10035.0
8.0,9.0,8,1385,625.0,-999.0,25.7,39.0,-13.386,-76.603,2007,8,0,-2004993.0,-8991.0,18063.0
7.5,-999.0,5,865,228.0,-999.0,30.7,280.0,-5.859,107.419,2007,8,0,-2004993.0,998001.0,-2004993.0
7.2,7.0,7,803,494.0,-999.0,20.4,120.0,-15.595,167.68,2007,8,0,-2004993.0,-6993.0,14049.0
6.9,3.0,5,734,374.0,-999.0,24.1,25.0,2.872,127.464,2007,7,0,-2004993.0,-2997.0,6021.0
6.8,5.0,4,779,664.0,-999.0,18.2,350.4,36.808,134.85,2007,7,0,-2004993.0,-4995.0,10035.0
6.6,8.0,8,831,782.0,-999.0,16.7,12.0,37.535,138.446,2007,7,0,-2004993.0,-7992.0,16056.0
6.7,6.0,6,972,468.0,-999.0,37.7,23.0,13.554,-90.618,2007,6,0,-2004993.0,-5994.0,12042.0
6.9,-999.0,7,732,305.0,-999.0,15.3,10.0,-7.306,155.741,2007,4,0,-2004993.0,998001.0,-2004993.0
6.6,-999.0,7,670,251.0,-999.0,16.0,10.0,-7.169,155.777,2007,4,0,-2004993.0,998001.0,-2004993.0
8.1,9.0,8,1025,439.0,-999.0,14.7,24.0,-8.466,157.043,2007,4,0,-2004993.0,-8991.0,18063.0
6.7,7.0,8,782,493.0,-999.0,23.9,8.0,37.336,136.588,2007,3,0,-2004993.0,-6993.0,14049.0
7.1,3.0,6,779,426.0,-999.0,25.3,34.0,-20.617,169.357,2007,3,0,-2004993.0,-2997.0,6021.0
6.7,-999.0,6,691,253.0,-999.0,40.3,12.0,-1.034,126.976,2007,2,0,-2004993.0,998001.0,-2004993.0
7.5,6.0,5,874,570.0,-999.0,21.6,22.0,1.065,126.282,2007,1,0,-2004993.0,-5994.0,12042.0
8.1,4.0,5,1034,606.0,-999.0,14.0,10.0,46.243,154.524,2007,1,0,-2004993.0,-3996.0,8028.0
6.9,6.0,7,798,466.0,-999.0,31.6,10.0,21.974,120.493,2006,12,0,-2003994.0,-5994.0,12036.0
7.1,8.0,7,1023,744.0,-999.0,29.1,10.0,21.799,120.547,2006,12,0,-2003994.0,-7992.0,16048.0
8.3,4.0,7,1064,576.0,-999.0,20.9,10.0,46.592,153.266,2006,11,0,-2003994.0,-3996.0,8024.0
6.6,-999.0,6,670,352.0,-999.0,18.6,11.0,-6.482,151.195,2006,11,0,-2003994.0,998001.0,-2003994.0
6.7,5.0,6,732,444.0,-999.0,53.4,23.0,-13.457,-76.677,2006,10,0,-2003994.0,-4995.0,10030.0
6.7,5.0,6,692,533.0,-999.0,15.6,32.0,-5.881,150.982,2006,10,0,-2003994.0,-4995.0,10030.0
6.7,8.0,9,1481,43.0,-999.0,124.0,38.182,19.877,-155.935,2006,10,0,-2003994.0,-7992.0,16048.0
6.9,3.0,3,737,702.0,-999.0,20.9,28.0,-16.592,-172.033,2006,9,0,-2003994.0,-2997.0,6018.0
6.8,-999.0,6,711,459.0,-999.0,28.4,38.0,-6.759,155.512,2006,9,0,-2003994.0,998001.0,-2003994.0
6.5,-999.0,6,650,700.0,-999.0,47.4,43.0,51.148,157.522,2006,8,0,-2003994.0,998001.0,-2003994.0
6.8,5.0,5,713,551.0,-999.0,26.2,150.0,-15.798,167.789,2006,8,0,-2003994.0,-4995.0,10030.0
7.7,7.0,5,947,357.0,-999.0,36.8,20.0,-9.284,107.419,2006,7,0,-2003994.0,-6993.0,14042.0
6.5,-999.0,6,650,477.0,-999.0,20.3,34.0,-5.724,151.133,2006,5,0,-2003994.0,998001.0,-2003994.0
6.6,-999.0,7,670,548.0,-999.0,28.0,19.0,60.772,165.743,2006,5,0,-2003994.0,998001.0,-2003994.0
6.8,4.0,5,719,701.0,-999.0,16.3,12.0,0.093,97.05,2006,5,0,-2003994.0,-3996.0,8024.0
8.0,7.0,7,1013,626.0,-999.0,20.7,55.0,-20.187,-174.123,2006,5,0,-2003994.0,-6993.0,14042.0
8.0,8.0,9,1026,431.78896882494007,-999.0,58.55258064516131,60.5,-19.99,-173.907,2006,5,0,-2003994.0,-7992.0,16048.0
6.5,7.0,7,653,282.0,-999.0,46.3,12.0,-27.211,-71.056,2006,4,0,-2003994.0,-6993.0,14042.0
6.7,6.0,7,696,277.0,-999.0,25.6,12.0,-27.017,-71.022,2006,4,0,-2003994.0,-5994.0,12036.0
6.6,-999.0,8,670,645.0,-999.0,28.4,11.0,60.491,167.516,2006,4,0,-2003994.0,998001.0,-2003994.0
7.6,-999.0,8,889,579.0,-999.0,18.5,22.0,60.949,167.089,2006,4,0,-2003994.0,998001.0,-2003994.0
6.5,3.0,5,654,247.0,-999.0,25.5,14.0,-16.527,176.989,2006,4,0,-2003994.0,-2997.0,6018.0
6.7,-999.0,7,691,306.0,-999.0,21.3,30.1,-3.595,127.214,2006,3,0,-2003994.0,998001.0,-2003994.0
7.0,5.0,9,891,412.0,-999.0,23.2,11.0,-21.324,33.583,2006,2,0,-2003994.0,-4995.0,10030.0
6.7,7.0,6,934,769.0,-999.0,19.7,66.0,36.311,23.212,2006,1,0,-2003994.0,-6993.0,14042.0
6.6,7.0,6,703,323.0,-999.0,48.2,14.0,28.164,-112.117,2006,1,0,-2003994.0,-6993.0,14042.0
6.5,6.0,5,721,529.0,-999.0,20.5,224.6,36.357,71.093,2005,12,0,-2002995.0,-5994.0,12030.0
6.8,5.0,7,744,561.0,-999.0,20.0,22.0,-6.224,29.83,2005,12,0,-2002995.0,-4995.0,10025.0
6.5,4.0,5,683,464.0,-999.0,48.8,29.0,38.089,142.122,2005,12,0,-2002995.0,-3996.0,8020.0
6.5,3.0,6,651,358.0,-999.0,20.7,21.0,2.164,96.786,2005,11,0,-2002995.0,-2997.0,6015.0
6.8,-999.0,6,711,509.0,-999.0,30.1,147.0,-22.361,-67.895,2005,11,0,-2002995.0,998001.0,-2002995.0
7.6,9.0,9,1267,724.0,-999.0,21.1,26.0,34.539,73.588,2005,10,0,-2002995.0,-8991.0,18045.0
6.6,-999.0,6,670,402.0,-999.0,17.7,25.0,-5.437,151.84,2005,9,0,-2002995.0,998001.0,-2002995.0
7.5,8.0,7,1018,696.0,-999.0,26.2,115.0,-5.678,-76.398,2005,9,0,-2002995.0,-7992.0,16040.0
7.6,5.0,7,891,502.0,-999.0,20.0,90.0,-4.539,153.474,2005,9,0,-2002995.0,-4995.0,10025.0
7.2,7.0,7,1104,698.0,-999.0,19.6,36.0,38.276,142.039,2005,8,0,-2002995.0,-6993.0,14035.0
7.2,4.0,5,808,636.0,-999.0,26.4,16.0,7.92,92.19,2005,7,0,-2002995.0,-3996.0,8020.0
6.7,3.0,6,693,398.0,-999.0,22.3,21.0,1.819,97.082,2005,7,0,-2002995.0,-2997.0,6015.0
6.6,6.0,5,719,446.0,-999.0,21.1,27.0,11.245,-86.172,2005,7,0,-2002995.0,-5994.0,12030.0
7.2,5.0,4,1318,420.0,-999.0,31.4,16.0,41.292,-125.953,2005,6,0,-2002995.0,-4995.0,10025.0
7.8,8.0,7,1020,714.0,-999.0,16.1,115.6,-19.987,-69.197,2005,6,0,-2002995.0,-7992.0,16040.0
6.9,5.0,7,740,635.0,-999.0,26.0,30.0,1.989,97.041,2005,5,0,-2002995.0,-4995.0,10025.0
6.7,6.0,5,731,695.0,-999.0,20.9,34.0,0.587,98.459,2005,5,0,-2002995.0,-5994.0,12030.0
6.5,3.0,6,657,478.0,-999.0,21.2,30.0,-1.714,99.779,2005,4,0,-2002995.0,-2997.0,6015.0
6.7,5.0,6,717,656.0,-999.0,21.2,19.0,-1.644,99.607,2005,4,0,-2002995.0,-4995.0,10025.0
8.6,-999.0,8,1138,510.0,-999.0,22.1,30.0,2.085,97.108,2005,3,0,-2002995.0,998001.0,-2002995.0
6.6,8.0,7,805,401.0,-999.0,22.9,10.0,33.807,130.131,2005,3,0,-2002995.0,-7992.0,16040.0
7.1,-999.0,5,776,569.0,-999.0,18.1,201.7,-6.527,129.933,2005,3,0,-2002995.0,998001.0,-2002995.0
6.8,-999.0,6,711,444.0,-999.0,33.8,36.0,2.908,95.592,2005,2,0,-2002995.0,998001.0,-2002995.0
6.5,-999.0,7,650,371.0,-999.0,31.8,10.0,-5.562,122.129,2005,2,0,-2002995.0,998001.0,-2002995.0
6.5,3.0,5,652,286.0,-999.0,47.3,39.7,4.756,126.421,2005,2,0,-2002995.0,-2997.0,6015.0
6.7,-999.0,4,691,457.0,-999.0,30.2,206.3,-14.252,167.259,2005,2,0,-2002995.0,998001.0,-2002995.0
7.1,7.0,3,782,640.0,-999.0,26.4,525.0,5.293,123.337,2005,2,0,-2002995.0,-6993.0,14035.0
6.6,6.0,4,676,225.0,-999.0,78.5,27.8,34.064,141.491,2005,1,0,-2002995.0,-5994.0,12030.0
6.6,-999.0,5,670,353.0,-999.0,31.9,16.1,8.879,92.375,2004,12,0,-2001996.0,998001.0,-2001996.0
7.2,5.0,6,802,385.0,-999.0,27.9,39.2,6.91,92.958,2004,12,0,-2001996.0,-4995.0,10020.0
9.1,-999.0,8,1274,601.0,-999.0,22.0,30.0,3.295,95.982,2004,12,0,-2001996.0,998001.0,-2001996.0
8.1,-999.0,5,1009,331.0,-999.0,59.3,10.0,-49.312,161.345,2004,12,0,-2001996.0,998001.0,-2001996.0
6.8,5.0,6,858,639.0,-999.0,21.8,10.0,18.958,-81.409,2004,12,0,-2001996.0,-4995.0,10020.0
6.8,4.0,7,724,759.0,-999.0,23.6,35.0,42.9,145.228,2004,12,0,-2001996.0,-3996.0,8016.0
7.0,4.0,7,771,929.0,-999.0,23.9,39.0,43.006,145.119,2004,11,0,-2001996.0,-3996.0,8016.0
7.1,-999.0,7,776,439.0,-999.0,28.8,10.0,-3.609,135.404,2004,11,0,-2001996.0,998001.0,-2001996.0
7.1,5.0,5,782,585.0,-999.0,14.7,10.0,-46.676,164.721,2004,11,0,-2001996.0,-4995.0,10020.0
7.2,8.0,8,820,708.0,-999.0,50.2,15.0,4.695,-77.508,2004,11,0,-2001996.0,-7992.0,16032.0
7.5,5.0,7,870,301.0,-999.0,33.8,10.0,-8.152,124.868,2004,11,0,-2001996.0,-4995.0,10020.0
6.7,-999.0,6,691,233.0,-999.0,21.5,10.0,-11.128,162.208,2004,11,0,-2001996.0,998001.0,-2001996.0
6.7,7.0,4,703,459.0,-999.0,37.3,10.0,49.277,-128.772,2004,11,0,-2001996.0,-6993.0,14028.0
6.6,-999.0,8,670,782.0,-999.0,37.0,16.0,37.226,138.779,2004,10,0,-2001996.0,998001.0,-2001996.0
6.7,5.0,6,705,698.0,-999.0,24.7,94.0,24.53,122.694,2004,10,0,-2001996.0,-4995.0,10020.0
7.0,-999.0,6,754,441.0,-999.0,32.2,35.0,11.422,-86.665,2004,10,0,-2001996.0,998001.0,-2001996.0
6.5,5.0,5,665,526.0,-999.0,18.3,105.0,13.925,120.534,2004,10,0,-2001996.0,-4995.0,10020.0
6.8,-999.0,6,711,545.0,-999.0,15.7,36.0,-10.951,162.161,2004,10,0,-2001996.0,998001.0,-2001996.0
6.6,-999.0,4,670,478.0,-999.0,29.8,10.0,33.205,137.227,2004,9,0,-2001996.0,998001.0,-2001996.0
7.4,-999.0,5,842,594.0,-999.0,27.5,10.0,33.184,137.071,2004,9,0,-2001996.0,998001.0,-2001996.0
7.2,-999.0,5,798,643.0,-999.0,28.4,14.0,33.07,136.618,2004,9,0,-2001996.0,998001.0,-2001996.0
6.5,-999.0,7,650,349.0,-999.0,30.1,5.0,-35.173,-70.525,2004,8,0,-2001996.0,998001.0,-2001996.0
6.5,-999.0,7,650,305.0,-999.0,39.0,13.4,-0.443,133.091,2004,7,0,-2001996.0,998001.0,-2001996.0
6.9,-999.0,5,732,798.0,-999.0,31.2,188.6,55.682,160.003,2004,6,0,-2001996.0,998001.0,-2001996.0
6.6,-999.0,7,670,282.0,-999.0,46.9,21.0,-37.695,-73.406,2004,5,0,-2001996.0,998001.0,-2001996.0
6.7,-999.0,5,691,386.0,-999.0,27.6,65.8,-9.362,122.839,2004,4,0,-2001996.0,998001.0,-2001996.0
6.5,-999.0,4,650,424.0,-999.0,29.9,228.4,-13.174,167.198,2004,4,0,-2001996.0,998001.0,-2001996.0
6.6,-999.0,4,670,728.0,-999.0,18.3,187.1,36.512,71.029,2004,4,0,-2001996.0,998001.0,-2001996.0
6.7,-999.0,7,691,256.0,-999.0,33.3,25.7,-3.665,135.339,2004,2,0,-2001996.0,998001.0,-2001996.0
7.3,-999.0,7,820,390.0,-999.0,23.0,10.0,-4.003,135.023,2004,2,0,-2001996.0,998001.0,-2001996.0
7.0,-999.0,7,754,367.0,-999.0,33.0,16.6,-3.615,135.538,2004,2,0,-2001996.0,998001.0,-2001996.0
6.7,-999.0,6,691,243.0,-999.0,42.5,17.4,-3.12,127.4,2004,1,0,-2001996.0,998001.0,-2001996.0
7.3,-999.0,4,820,235.0,-999.0,46.6,10.0,-22.015,169.766,2003,12,0,-2000997.0,998001.0,-2000997.0
6.6,-999.0,9,670,552.0,-999.0,44.8,10.0,28.995,58.311,2003,12,0,-2000997.0,998001.0,-2000997.0
6.5,-999.0,6,650,405.0,-999.0,48.4,33.0,8.416,-82.824,2003,12,0,-2000997.0,998001.0,-2000997.0
6.5,7.0,9,1390,65.0,0.04685,71.0,8.382,35.7005,-121.101,2003,12,0,93.84055000000001,0.32795,14021.0
6.8,-999.0,7,711,447.0,-999.0,27.7,10.0,23.039,121.362,2003,12,0,-2000997.0,998001.0,-2000997.0
6.6,-999.0,6,670,384.0,-999.0,25.1,35.0,-5.581,150.88,2003,11,0,-2000997.0,998001.0,-2000997.0
6.5,-999.0,6,650,487.0,-999.0,45.9,35.0,12.025,125.416,2003,11,0,-2000997.0,998001.0,-2000997.0
6.6,-999.0,5,670,475.0,-999.0,26.2,113.7,-19.262,168.892,2003,11,0,-2000997.0,998001.0,-2000997.0
7.0,-999.0,5,754,568.0,-999.0,61.2,10.0,37.812,142.619,2003,10,0,-2000997.0,998001.0,-2000997.0
6.7,-999.0,6,691,556.0,-999.0,55.4,32.0,42.648,144.57,2003,10,0,-2000997.0,998001.0,-2000997.0
6.7,-999.0,7,691,643.0,-999.0,24.5,10.0,50.211,87.721,2003,10,0,-2000997.0,998001.0,-2000997.0
6.5,-999.0,5,650,586.0,-999.0,71.3,25.0,42.45,144.38,2003,9,0,-2000997.0,998001.0,-2000997.0
7.3,-999.0,7,820,667.0,-999.0,24.5,16.0,50.038,87.813,2003,9,0,-2000997.0,998001.0,-2000997.0
7.4,-999.0,7,842,514.0,-999.0,78.8,33.0,41.774,143.593,2003,9,0,-2000997.0,998001.0,-2000997.0
8.16,-999.0,9,1024,431.78896882494007,-999.0,58.55258064516131,27.0,41.815,143.91,2003,9,0,-2000997.0,998001.0,-2000997.0
6.6,-999.0,7,670,518.0,-999.0,24.7,10.0,19.917,95.672,2003,9,0,-2000997.0,998001.0,-2000997.0
7.2,-999.0,7,798,428.0,-999.0,17.5,28.0,-45.104,167.144,2003,8,0,-2000997.0,998001.0,-2000997.0
7.6,-999.0,6,889,315.0,-999.0,25.2,10.0,-60.532,-43.411,2003,8,0,-2000997.0,998001.0,-2000997.0
6.5,-999.0,6,650,156.0,-999.0,31.4,33.0,-3.828,152.174,2003,7,0,-2000997.0,998001.0,-2000997.0
6.8,-999.0,7,711,398.0,-999.0,39.1,33.0,-30.608,-71.637,2003,6,0,-2000997.0,998001.0,-2000997.0
6.9,-999.0,5,732,733.0,-999.0,26.7,174.8,55.492,159.999,2003,6,0,-2000997.0,998001.0,-2000997.0
6.6,-999.0,6,670,419.0,-999.0,27.8,33.0,-5.095,152.502,2003,6,0,-2000997.0,998001.0,-2000997.0
7.0,-999.0,6,754,473.0,-999.0,30.3,31.0,2.354,128.855,2003,5,0,-2000997.0,998001.0,-2000997.0
7.0,-999.0,7,754,690.0,-999.0,19.1,68.0,38.849,141.568,2003,5,0,-2000997.0,998001.0,-2000997.0
6.8,-999.0,9,711,534.0,-999.0,19.4,12.0,36.964,3.634,2003,5,0,-2000997.0,998001.0,-2000997.0
6.5,-999.0,7,650,247.0,-999.0,28.7,33.0,-8.294,120.743,2003,3,0,-2000997.0,998001.0,-2000997.0
6.8,-999.0,7,711,431.0,-999.0,38.4,40.2,-4.694,153.238,2003,3,0,-2000997.0,998001.0,-2000997.0
7.6,-999.0,7,889,551.0,-999.0,58.55258064516131,24.0,18.77,-104.104,2003,1,0,-2000997.0,998001.0,-2000997.0
6.5,-999.0,6,650,316.0,-999.0,58.55258064516131,24.0,13.626,-90.774,2003,1,0,-2000997.0,998001.0,-2000997.0
7.3,-999.0,6,820,457.0,-999.0,58.55258064516131,33.0,-10.491,160.77,2003,1,0,-2000997.0,998001.0,-2000997.0
6.7,-999.0,5,691,323.0,-999.0,58.55258064516131,71.9,-5.311,153.701,2003,1,0,-2000997.0,998001.0,-2000997.0
6.7,-999.0,6,691,453.0,-999.0,58.55258064516131,34.0,-4.786,153.275,2002,12,0,-1999998.0,998001.0,-1999998.0
7.9,8.0,9,1750,431.78896882494007,-999.0,58.55258064516131,4.2,63.5141,-147.453,2002,11,0,-1999998.0,-7992.0,16016.0
7.4,-999.0,7,842,418.0,-999.0,58.55258064516131,30.0,2.824,96.085,2002,11,0,-1999998.0,998001.0,-1999998.0
6.6,-999.0,7,670,431.78896882494007,-999.0,58.55258064516131,4.2,63.5144,-147.912,2002,10,0,-1999998.0,998001.0,-1999998.0
6.7,-999.0,7,691,250.0,-999.0,58.55258064516131,10.0,-1.511,133.973,2002,10,0,-1999998.0,998001.0,-1999998.0
7.6,-999.0,7,889,375.0,-999.0,58.55258064516131,10.0,-1.757,134.297,2002,10,0,-1999998.0,998001.0,-1999998.0
6.5,-999.0,6,650,646.0,-999.0,58.55258064516131,21.0,13.036,93.068,2002,9,0,-1999998.0,998001.0,-1999998.0
7.6,-999.0,7,889,428.0,-999.0,58.55258064516131,13.0,-3.302,142.945,2002,9,0,-1999998.0,998001.0,-1999998.0
6.5,-999.0,4,650,260.0,-999.0,58.55258064516131,30.0,14.101,146.199,2002,8,0,-1999998.0,998001.0,-1999998.0
6.5,-999.0,7,650,533.0,-999.0,58.55258064516131,10.0,7.929,-82.793,2002,7,0,-1999998.0,998001.0,-1999998.0
6.5,-999.0,8,650,555.0,-999.0,58.55258064516131,10.0,35.626,49.047,2002,6,0,-1999998.0,998001.0,-1999998.0
6.6,-999.0,7,670,420.0,-999.0,58.55258064516131,54.0,-30.805,-71.124,2002,6,0,-1999998.0,998001.0,-1999998.0
6.7,-999.0,5,691,272.0,-999.0,58.55258064516131,33.0,-12.592,166.383,2002,6,0,-1999998.0,998001.0,-1999998.0
7.1,-999.0,7,776,257.0,-999.0,58.55258064516131,85.7,13.088,144.619,2002,4,0,-1999998.0,998001.0,-1999998.0
6.7,-999.0,7,691,462.0,-999.0,58.55258064516131,62.0,-27.535,-70.586,2002,4,0,-1999998.0,998001.0,-1999998.0
6.8,-999.0,6,711,292.0,-999.0,58.55258064516131,24.9,16.985,-100.865,2002,4,0,-1999998.0,998001.0,-1999998.0
7.1,-999.0,6,776,550.0,-999.0,58.55258064516131,32.8,24.279,122.179,2002,3,0,-1999998.0,998001.0,-1999998.0
6.5,-999.0,5,650,486.0,-999.0,58.55258064516131,125.1,-21.663,-68.329,2002,3,0,-1999998.0,998001.0,-1999998.0
7.5,-999.0,7,865,321.0,-999.0,58.55258064516131,31.0,6.033,124.249,2002,3,0,-1999998.0,998001.0,-1999998.0
7.4,-999.0,5,842,138.0,-999.0,58.55258064516131,225.6,36.502,70.482,2002,3,0,-1999998.0,998001.0,-1999998.0
6.6,-999.0,6,670,444.0,-999.0,58.55258064516131,39.0,-5.345,151.248,2002,2,0,-1999998.0,998001.0,-1999998.0
6.5,-999.0,7,650,482.0,-999.0,58.55258064516131,5.0,38.573,31.271,2002,2,0,-1999998.0,998001.0,-1999998.0
6.7,-999.0,8,691,333.0,-999.0,58.55258064516131,11.0,-3.212,142.427,2002,1,0,-1999998.0,998001.0,-1999998.0
6.6,-999.0,6,670,386.0,-999.0,58.55258064516131,10.0,-17.664,168.004,2002,1,0,-1999998.0,998001.0,-1999998.0
7.2,-999.0,6,798,427.0,-999.0,58.55258064516131,21.0,-17.6,167.856,2002,1,0,-1999998.0,998001.0,-1999998.0
6.8,-999.0,7,711,385.0,-999.0,58.55258064516131,16.0,-9.613,159.53,2001,12,0,-1998999.0,998001.0,-1998999.0
6.8,-999.0,5,711,499.0,-999.0,58.55258064516131,14.0,23.954,122.734,2001,12,0,-1998999.0,998001.0,-1998999.0
6.5,-999.0,5,650,605.0,-999.0,58.55258064516131,123.8,39.402,141.089,2001,12,0,-1998999.0,998001.0,-1998999.0
7.8,-999.0,9,936,368.0,-999.0,58.55258064516131,10.0,35.946,90.541,2001,11,0,-1998999.0,998001.0,-1998999.0
7.0,-999.0,7,754,254.0,-999.0,58.55258064516131,33.0,-5.912,150.196,2001,10,0,-1998999.0,998001.0,-1998999.0
7.5,-999.0,6,865,234.0,-999.0,58.55258064516131,33.0,-4.102,123.907,2001,10,0,-1998999.0,998001.0,-1998999.0
7.0,-999.0,6,754,482.0,-999.0,58.55258064516131,37.0,12.686,144.98,2001,10,0,-1998999.0,998001.0,-1998999.0
6.5,-999.0,6,650,174.0,-999.0,58.55258064516131,33.0,-0.578,133.13,2001,9,0,-1998999.0,998001.0,-1998999.0
6.6,6.0,6,754,431.78896882494007,-999.0,58.55258064516131,131.8,58.775,-154.701,2001,7,0,-1998999.0,-5994.0,12006.0
6.5,-999.0,8,650,483.0,-999.0,58.55258064516131,10.0,39.059,24.244,2001,7,0,-1998999.0,998001.0,-1998999.0
7.6,-999.0,7,889,398.0,-999.0,58.55258064516131,33.0,-17.543,-72.077,2001,7,0,-1998999.0,998001.0,-1998999.0
6.6,-999.0,7,670,324.0,-999.0,58.55258064516131,62.0,-16.086,-73.987,2001,7,0,-1998999.0,998001.0,-1998999.0
6.7,-999.0,6,691,422.0,-999.0,58.55258064516131,24.0,-17.745,-71.649,2001,6,0,-1998999.0,998001.0,-1998999.0
8.4,-999.0,8,1086,518.0,-999.0,58.55258064516131,33.0,-16.265,-73.641,2001,6,0,-1998999.0,998001.0,-1998999.0
6.7,-999.0,6,691,282.0,-999.0,58.55258064516131,17.0,-7.41,155.865,2001,4,0,-1998999.0,998001.0,-1998999.0
6.8,-999.0,7,711,596.0,-999.0,58.55258064516131,50.0,34.083,132.526,2001,3,0,-1998999.0,998001.0,-1998999.0
6.5,-999.0,6,650,206.0,-999.0,58.55258064516131,33.0,-4.029,128.02,2001,3,0,-1998999.0,998001.0,-1998999.0
6.8,7.0,7,1441,67.0,-999.0,31.0,51.798,47.149,-122.727,2001,2,0,-1998999.0,-6993.0,14007.0
7.1,-999.0,7,776,426.0,-999.0,58.55258064516131,35.0,1.271,126.249,2001,2,0,-1998999.0,998001.0,-1998999.0
7.4,-999.0,6,842,221.0,-999.0,58.55258064516131,36.0,-4.68,102.562,2001,2,0,-1998999.0,998001.0,-1998999.0
6.6,-999.0,8,670,273.0,-999.0,58.55258064516131,10.0,13.671,-88.938,2001,2,0,-1998999.0,998001.0,-1998999.0
7.7,-999.0,9,912,472.0,-999.0,58.55258064516131,16.0,23.419,70.232,2001,1,0,-1998999.0,998001.0,-1998999.0
6.9,-999.0,6,732,117.0,-999.0,58.55258064516131,28.0,-4.022,101.776,2001,1,0,-1998999.0,998001.0,-1998999.0
7.7,-999.0,8,912,427.0,-999.0,58.55258064516131,60.0,13.049,-88.66,2001,1,0,-1998999.0,998001.0,-1998999.0
6.9,5.0,7,745,431.78896882494007,-999.0,58.55258064516131,36.4,56.7744,-153.281,2001,1,0,-1998999.0,-4995.0,10005.0
7.1,-999.0,7,776,372.0,-999.0,58.55258064516131,103.0,-14.928,167.17,2001,1,0,-1998999.0,998001.0,-1998999.0
6.8,-999.0,5,711,64.0,-999.0,58.55258064516131,33.0,6.631,126.899,2001,1,0,-1998999.0,998001.0,-1998999.0
7.5,-999.0,7,865,324.0,-999.0,58.55258064516131,33.0,6.898,126.579,2001,1,0,-1998999.0,998001.0,-1998999.0
