magnitude,cdi,mmi,sig,nst,dmin,gap,depth,latitude,longitude,Year,Month,tsunami,Year:nst,Year:sig,Year:magnitude,nst:sig,nst:magnitude,sig:magnitude
7.0,8,7,768,117,0.509,17.0,14.0,-9.7963,159.596,2022,11,1,236574,1552896,14154.0,89856,819.0,5376.0
6.9,4,4,735,99,2.229,34.0,25.0,-4.9559,100.738,2022,11,0,200178,1486170,13951.800000000001,72765,683.1,5071.5
7.0,3,3,755,147,3.125,18.0,579.0,-20.0508,-178.346,2022,11,1,297234,1526610,14154.0,110985,1029.0,5285.0
7.3,5,5,833,149,1.865,21.0,37.0,-19.2918,-172.129,2022,11,1,301278,1684326,14760.6,124117,1087.7,6080.9
6.6,0,2,670,131,4.998,27.0,624.464,-25.5948,178.278,2022,11,1,264882,1354740,13345.199999999999,87770,864.5999999999999,4422.0
7.0,4,3,755,142,4.578,26.0,660.0,-26.0442,178.381,2022,11,1,287124,1526610,14154.0,107210,994.0,5285.0
6.8,1,3,711,136,4.678,22.0,630.379,-25.9678,178.363,2022,11,1,274992,1437642,13749.6,96696,924.8,4834.8
6.7,7,6,797,145,1.151,37.0,20.0,7.6712,-82.3396,2022,10,1,293190,1611534,13547.4,115565,971.5,5339.900000000001
6.8,8,7,1179,175,2.137,92.0,20.0,18.33,-102.913,2022,9,1,353850,2383938,13749.6,206325,1190.0,8017.2
7.6,9,8,1799,271,1.153,69.0,26.943,18.3667,-103.252,2022,9,1,547962,3637578,15367.199999999999,487529,2059.6,13672.4
6.9,9,9,887,215,0.401,34.0,10.0,23.1444,121.307,2022,9,1,434730,1793514,13951.800000000001,190705,1483.5,6120.3
6.5,7,7,756,178,0.43,54.0,10.0,23.029,121.348,2022,9,1,359916,1528632,13143.0,134568,1157.0,4914.0
7.0,7,5,761,192,2.977,45.0,137.0,-21.2077,170.239,2022,9,1,388224,1538742,14154.0,146112,1344.0,5327.0
7.6,8,8,965,272,3.158,12.0,116.0,-6.2237,146.471,2022,9,1,549984,1951230,15367.199999999999,262480,2067.2,7334.0
6.6,9,8,1043,141,8.454,34.0,12.0,29.7263,102.279,2022,9,0,285102,2108946,13345.199999999999,147063,930.5999999999999,6883.799999999999
6.6,7,6,672,68,5.293,34.0,30.0,-32.6922,-178.959,2022,8,1,137496,1358784,13345.199999999999,45696,448.79999999999995,4435.2
7.0,9,8,1351,152,5.276,22.0,33.729,17.5978,120.809,2022,7,1,307344,2731722,14154.0,205352,1064.0,9457.0
6.5,3,2,653,236,1.999,31.0,622.73,-9.0618,-71.1647,2022,6,0,477192,1320366,13143.0,154108,1534.0,4244.5
7.2,7,5,876,144,2.494,40.0,236.0,-14.8628,-70.3081,2022,5,1,291168,1771272,14558.4,126144,1036.8,6307.2
6.9,2,5,733,127,0.371,45.0,10.0,-54.1325,159.027,2022,5,1,256794,1482126,13951.800000000001,93091,876.3000000000001,5057.7
6.8,6,5,762,162,1.505,30.0,220.0,-23.6141,-66.7236,2022,5,1,327564,1540764,13749.6,123444,1101.6,5181.599999999999
6.6,6,5,762,0,0.914,94.0,27.0,11.5538,-86.9919,2022,4,1,0,1540764,13345.199999999999,0,0.0,5029.2
7.0,6,4,763,0,2.705,26.0,10.0,-22.5732,170.349,2022,3,1,0,1542786,14154.0,0,0.0,5341.0
6.9,6,4,738,0,2.697,42.0,10.0,-22.72,170.277,2022,3,1,0,1492236,13951.800000000001,0,0.0,5092.2
6.7,8,7,806,0,0.289,32.0,24.0,23.3421,121.636,2022,3,1,0,1629732,13547.4,0,0.0,5400.2
7.3,9,8,2397,0,2.936,29.0,41.0,37.7015,141.587,2022,3,1,0,4846734,14760.6,0,0.0,17498.1
6.7,9,6,708,0,2.188,43.0,28.0,-0.6831,98.6034,2022,3,0,0,1431576,13547.4,0,0.0,4743.6
6.6,2,7,670,0,0.827,46.0,24.0,-30.0528,-177.74,2022,3,1,0,1354740,13345.199999999999,0,0.0,4422.0
6.8,2,3,712,0,5.78,12.0,535.0,-23.7852,-179.968,2022,2,1,0,1439664,13749.6,0,0.0,4841.599999999999
6.5,8,6,690,0,3.026,22.0,110.0,-4.455,-76.9395,2022,2,0,0,1395180,13143.0,0,0.0,4485.0
6.5,7,4,651,0,1.088,57.0,8.0,-29.535,-176.729,2022,1,1,0,1316322,13143.0,0,0.0,4231.5
6.6,8,6,785,0,2.418,22.0,33.0,-6.9291,105.251,2022,1,0,0,1587270,13345.199999999999,0,0.0,5181.0
6.5,0,3,650,97,1.61607,108.0,37.0,52.502,-168.08,2022,1,1,196134,1314300,13143.0,63050,630.5,4225.0
6.5,0,3,650,23,0.0,208.8,37.0,52.502,-168.08,2022,1,1,46506,1314300,13143.0,14950,149.5,4225.0
6.6,8,5,674,0,0.507,49.0,19.0,52.6252,-168.15,2022,1,1,0,1362828,13345.199999999999,0,0.0,4448.4
6.7,0,4,691,50,0.936943,126.0,33.0,52.48,-167.736,2022,1,1,101100,1397202,13547.4,34550,335.0,4629.7
6.7,0,4,691,20,0.0,205.2,33.0,52.48,-167.736,2022,1,1,40440,1397202,13547.4,13820,134.0,4629.7
6.8,7,6,730,0,0.92,61.0,20.0,52.6563,-167.917,2022,1,1,0,1476060,13749.6,0,0.0,4964.0
6.6,6,6,976,0,1.168,21.0,21.0,35.1456,31.9095,2022,1,0,0,1973472,13345.199999999999,0,0.0,6441.599999999999
6.6,9,8,1012,0,2.685,13.0,13.0,37.8167,101.299,2022,1,0,0,2046264,13345.199999999999,0,0.0,6679.2
7.3,8,7,921,0,3.713,19.0,165.49,-7.5924,127.581,2021,12,0,0,1861341,14753.3,0,0.0,6723.3
7.3,9,5,854,0,1.025,32.0,14.27,-7.6033,122.2,2021,12,1,0,1725934,14753.3,0,0.0,6234.2
7.5,8,8,1094,0,4.951,40.0,126.0,-4.4898,-76.8461,2021,11,1,0,2210974,15157.5,0,0.0,8205.0
6.6,7,4,688,0,3.259,15.0,12.0,23.5414,126.48,2021,11,1,0,1390448,13338.599999999999,0,0.0,4540.8
6.9,8,6,995,0,0.0,0.0,51.6,56.2581,-156.492,2021,10,1,0,2010895,13944.900000000001,0,0.0,6865.5
6.9,4,3,740,0,4.778,31.0,535.0,-21.1704,174.54,2021,10,1,0,1495540,13944.900000000001,0,0.0,5106.0
7.3,4,4,826,0,4.493,32.0,527.0,-21.1036,174.895,2021,10,1,0,1669346,14753.3,0,0.0,6029.8
6.5,7,5,684,0,0.993,114.0,21.0,12.1598,-87.8542,2021,9,1,0,1382364,13136.5,0,0.0,4446.0
7.0,8,8,2504,0,0.07,43.0,20.0,16.9502,-99.7877,2021,9,1,0,5060584,14147.0,0,0.0,17528.0
7.1,1,4,776,0,9.799,32.0,6.0,-60.3026,-24.9992,2021,8,1,0,1568296,14349.099999999999,0,0.0,5509.599999999999
6.6,1,3,670,0,8.865,19.0,7.0,-60.1023,-24.4608,2021,8,1,0,1354070,13338.599999999999,0,0.0,4422.0
6.9,8,7,741,0,0.579,54.0,93.0,-14.892,167.085,2021,8,1,0,1497561,13944.900000000001,0,0.0,5112.900000000001
6.9,6,4,734,0,8.363,48.0,16.7,-58.3814,-23.3318,2021,8,1,0,1483414,13944.900000000001,0,0.0,5064.6
7.2,9,8,2331,0,1.178,23.0,10.0,18.3521,-73.4804,2021,8,1,0,4710951,14551.2,0,0.0,16783.2
6.9,5,4,738,0,0.0,0.0,33.3,55.2364,-157.707,2021,8,1,0,1491498,13944.900000000001,0,0.0,5092.2
6.9,5,4,738,0,1.173,36.0,20.74,55.2657,-157.68,2021,8,1,0,1491498,13944.900000000001,0,0.0,5092.2
8.1,0,7,1009,0,7.463,78.0,22.79,-58.4157,-25.3206,2021,8,0,0,2039189,16370.099999999999,0,0.0,8172.9
7.5,9,6,868,0,7.227,38.0,47.23,-57.5959,-25.1874,2021,8,1,0,1754228,15157.5,0,0.0,6510.0
7.1,9,7,846,0,1.273,25.0,55.14,6.4547,126.742,2021,8,1,0,1709766,14349.099999999999,0,0.0,6006.599999999999
8.2,8,6,1237,0,0.875,66.0,46.66,55.4742,-157.917,2021,7,1,0,2499977,16572.199999999997,0,0.0,10143.4
8.2,8,7,1252,0,0.0,0.0,35.0,55.3154,-157.829,2021,7,1,0,2530292,16572.199999999997,0,0.0,10266.4
6.7,8,5,935,0,8.139,12.0,110.0,13.6989,120.713,2021,7,1,0,1889635,13540.7,0,0.0,6264.5
6.7,6,6,830,0,1.395,61.0,10.0,7.5904,-82.8813,2021,7,1,0,1677430,13540.7,0,0.0,5561.0
6.5,0,4,650,0,7.994,24.0,25.0,-30.2144,-177.773,2021,6,1,0,1313650,13136.5,0,0.0,4225.0
6.5,5,7,652,0,4.518,44.0,10.0,-16.4796,-177.356,2021,5,1,0,1317692,13136.5,0,0.0,4238.0
7.3,9,9,1025,0,4.655,9.0,10.0,34.5861,98.2551,2021,5,0,0,2071525,14753.3,0,0.0,7482.5
6.7,8,4,698,0,1.487,37.0,11.0,0.1684,96.6475,2021,5,0,0,1410658,13540.7,0,0.0,4676.6
6.7,9,3,694,0,10.669,45.0,10.0,-17.2495,66.3745,2021,5,0,0,1402574,13540.7,0,0.0,4649.8
6.9,7,6,919,0,2.619,35.0,43.0,38.2296,141.665,2021,5,1,0,1857299,13944.900000000001,0,0.0,6341.1
6.5,4,4,651,0,5.931,20.0,246.0,-21.6857,-177.064,2021,4,0,0,1315671,13136.5,0,0.0,4231.5
6.5,6,4,652,0,10.405,19.0,301.0,-18.9204,-176.235,2021,4,0,0,1317692,13136.5,0,0.0,4238.0
7.0,7,7,1052,0,2.378,35.0,43.0,38.4752,141.607,2021,3,1,0,2126092,14147.0,0,0.0,7364.0
6.6,5,5,672,0,3.183,18.0,13.23,54.7018,163.208,2021,3,1,0,1358112,13338.599999999999,0,0.0,4435.2
6.5,0,4,650,0,11.764,25.0,24.0,-28.4792,-176.619,2021,3,0,0,1313650,13136.5,0,0.0,4225.0
8.1,9,8,1021,0,0.739,21.0,28.93,-29.7466,-177.224,2021,3,1,0,2063441,16370.099999999999,0,0.0,8270.1
7.4,3,7,843,0,0.437,30.0,43.0,-29.6131,-177.842,2021,3,1,0,1703703,14955.400000000001,0,0.0,6238.200000000001
7.3,7,6,932,0,0.918,24.0,10.0,-37.596,179.544,2021,3,1,0,1883572,14753.3,0,0.0,6803.599999999999
7.1,9,8,1612,0,3.085,11.0,43.98,37.6856,141.992,2021,2,1,0,3257852,14349.099999999999,0,0.0,11445.199999999999
7.7,9,4,918,0,7.989,15.0,10.0,-23.2787,171.489,2021,2,1,0,1855278,15561.7,0,0.0,7068.6
6.9,9,5,739,0,1.55,16.0,15.0,-61.8484,-55.559,2021,1,1,0,1493519,13944.900000000001,0,0.0,5099.1
7.0,7,5,802,0,2.821,15.0,80.0,5.0074,127.517,2021,1,1,0,1620842,14147.0,0,0.0,5614.0
6.7,8,8,776,0,2.043,22.0,10.0,51.2407,100.443,2021,1,0,0,1568296,13540.7,0,0.0,5199.2
6.7,5,5,776,0,1.319,19.0,10.0,-39.3264,-74.9067,2020,12,1,0,1567520,13534.0,0,0.0,5199.2
7.0,8,7,1527,0,1.518,18.0,21.0,37.8973,26.7953,2020,10,0,0,3084540,14140.0,0,0.0,10689.0
7.6,9,7,1165,0,0.23,36.0,28.37,54.662,-159.675,2020,10,1,0,2353300,15352.0,0,0.0,8854.0
6.9,0,3,732,0,11.255,16.0,10.0,0.9604,-26.8332,2020,9,1,0,1478640,13938.0,0,0.0,5050.8
6.5,6,6,674,0,0.388,49.0,16.0,-27.9285,-71.3937,2020,9,0,0,1361480,13130.0,0,0.0,4381.0
6.8,6,7,824,0,0.312,69.0,21.0,-28.013,-71.1958,2020,9,1,0,1664480,13736.0,0,0.0,5603.2
6.5,4,5,651,0,15.394,31.0,10.0,0.8696,-29.7046,2020,8,0,0,1315020,13130.0,0,0.0,4231.5
6.9,4,3,749,0,2.267,20.0,624.0,-6.6704,123.493,2020,8,0,0,1512980,13938.0,0,0.0,5168.1
6.9,4,4,735,0,1.716,25.0,26.0,-4.2791,101.215,2020,8,0,0,1484700,13938.0,0,0.0,5071.5
6.8,5,4,716,0,1.816,34.0,22.0,-4.3724,101.095,2020,8,0,0,1446320,13736.0,0,0.0,4868.8
6.6,9,8,784,0,5.128,14.0,10.0,12.0065,124.13,2020,8,1,0,1583680,13332.0,0,0.0,5174.4
7.8,9,7,1111,0,0.621,60.0,28.0,55.1079,-158.477,2020,7,1,0,2244220,15756.0,0,0.0,8665.8
7.0,6,7,820,0,1.671,18.0,73.0,-7.847,147.755,2020,7,1,0,1656400,14140.0,0,0.0,5740.0
6.6,4,2,684,0,1.458,14.0,533.76,-5.6368,110.678,2020,7,0,0,1381680,13332.0,0,0.0,4514.4
7.4,8,8,1494,0,0.151,30.0,20.0,15.9163,-95.9533,2020,6,1,0,3017880,14948.0,0,0.0,11055.6
7.4,7,7,873,0,4.035,23.0,10.0,-33.2938,-177.838,2020,6,1,0,1763460,14948.0,0,0.0,6460.200000000001
6.6,5,4,734,0,2.015,18.0,165.0,28.9386,128.262,2020,6,1,0,1482680,13332.0,0,0.0,4844.4
6.8,6,6,835,0,1.164,21.0,112.0,-23.2966,-68.4204,2020,6,1,0,1686700,13736.0,0,0.0,5678.0
6.5,7,8,1320,27,0.357,55.79,2.7,38.1689,-117.85,2020,5,0,54540,2666400,13130.0,35640,175.5,8580.0
6.6,4,6,671,0,3.403,12.0,107.0,-12.0662,166.648,2020,5,1,0,1355420,13332.0,0,0.0,4428.599999999999
6.8,4,6,738,0,1.921,16.0,96.0,-6.7762,129.785,2020,5,0,0,1490760,13736.0,0,0.0,5018.4
6.5,7,6,678,0,1.293,19.0,10.0,34.1818,25.7101,2020,5,0,0,1369560,13130.0,0,0.0,4407.0
6.5,8,8,1410,0,0.885,31.0,12.06,44.4646,-115.118,2020,3,0,0,2848200,13130.0,0,0.0,9165.0
7.5,6,5,879,0,4.109,12.0,57.8,48.9638,157.695,2020,3,1,0,1775580,15150.0,0,0.0,6592.5
7.0,5,6,770,0,4.501,25.0,143.0,45.6161,148.959,2020,2,1,0,1555400,14140.0,0,0.0,5390.0
7.7,9,6,1812,0,1.657,26.0,14.86,19.4193,-78.756,2020,1,1,0,3660240,15554.0,0,0.0,13952.4
6.7,8,9,1247,0,0.87,49.0,10.0,38.4312,39.0609,2020,1,0,0,2518940,13534.0,0,0.0,8354.9
6.8,9,7,825,0,0.546,39.0,18.0,6.6969,125.174,2019,12,1,0,1665675,13729.199999999999,0,0.0,5610.0
7.1,6,6,799,0,1.271,11.0,33.0,1.6213,126.416,2019,11,1,0,1613181,14334.9,0,0.0,5672.9
6.5,0,2,650,0,4.765,25.0,577.0,-21.9449,-179.511,2019,11,0,0,1312350,13123.5,0,0.0,4225.0
6.6,4,4,673,0,5.086,48.0,10.0,-18.5747,-175.272,2019,11,1,0,1358787,13325.4,0,0.0,4441.8
6.5,9,7,733,0,0.428,19.0,10.0,6.9098,125.178,2019,10,1,0,1479927,13123.5,0,0.0,4764.5
6.6,9,7,780,0,0.646,24.0,15.0,6.7567,125.008,2019,10,1,0,1574820,13325.4,0,0.0,5148.0
6.7,7,6,844,0,1.269,98.0,11.0,-35.4758,-73.163,2019,9,1,0,1704036,13527.300000000001,0,0.0,5654.8
6.5,7,7,656,0,3.909,15.0,12.26,-3.4528,128.37,2019,9,1,0,1324464,13123.5,0,0.0,4264.0
6.6,2,3,671,0,4.121,19.0,591.0,-20.3641,-178.57,2019,9,1,0,1354749,13325.4,0,0.0,4428.599999999999
6.6,0,4,670,0,12.896,19.0,16.0,-60.2152,-26.5801,2019,8,1,0,1352730,13325.4,0,0.0,4422.0
6.9,4,6,875,0,2.839,23.0,49.0,-7.2822,104.791,2019,8,0,0,1766625,13931.1,0,0.0,6037.5
6.8,6,6,947,0,0.817,35.0,25.0,-34.2364,-72.3102,2019,8,1,0,1911993,13729.199999999999,0,0.0,6439.599999999999
6.6,0,4,670,0,6.024,30.0,181.0,-16.1985,167.998,2019,7,1,0,1352730,13325.4,0,0.0,4422.0
7.2,7,7,809,0,1.504,38.0,18.98,-0.5858,128.034,2019,7,1,0,1633371,14536.800000000001,0,0.0,5824.8
6.6,5,5,791,0,2.978,32.0,10.0,-18.2242,120.358,2019,7,0,0,1597029,13325.4,0,0.0,5220.599999999999
6.9,7,5,747,0,1.205,21.0,35.0,0.5126,126.189,2019,7,0,0,1508193,13931.1,0,0.0,5154.3
7.1,9,9,1646,77,0.04616,43.0,8.0,35.7695,-117.599,2019,7,0,155463,3323274,14334.9,126742,546.6999999999999,11686.599999999999
7.3,4,6,952,0,2.629,16.0,212.0,-6.4078,129.169,2019,6,1,0,1922088,14738.699999999999,0,0.0,6949.599999999999
7.3,8,6,830,0,1.402,11.0,46.0,-30.6441,-178.1,2019,6,1,0,1675770,14738.699999999999,0,0.0,6059.0
6.6,7,6,886,0,1.193,22.0,57.92,13.1994,-89.3056,2019,5,1,0,1788834,13325.4,0,0.0,5847.599999999999
8.0,9,8,1890,0,3.18,17.0,122.57,-5.8119,-75.2697,2019,5,1,0,3815910,16152.0,0,0.0,15120.0
7.6,7,7,929,0,0.453,16.0,10.0,-4.051,152.597,2019,5,1,0,1875651,15344.4,0,0.0,7060.4
7.1,7,6,826,0,2.514,16.0,146.0,-6.9746,146.449,2019,5,1,0,1667694,14334.9,0,0.0,5864.599999999999
6.8,5,6,717,0,0.791,28.0,15.46,-1.8146,122.58,2019,4,1,0,1447623,13729.199999999999,0,0.0,4875.599999999999
6.5,0,5,650,0,7.568,18.0,38.0,-58.6262,-25.304,2019,4,1,0,1312350,13123.5,0,0.0,4225.0
7.0,7,4,869,0,2.501,42.0,267.0,-14.7131,-70.1546,2019,3,1,0,1754511,14133.0,0,0.0,6083.0
7.5,7,7,1145,0,2.045,15.0,145.0,-2.1862,-77.0505,2019,2,1,0,2311755,15142.5,0,0.0,8587.5
6.7,6,6,909,0,0.289,43.0,66.0,14.6802,-92.4527,2019,2,1,0,1835271,13527.300000000001,0,0.0,6090.3
6.7,0,3,691,0,7.527,17.0,13.0,-43.1219,42.3568,2019,1,0,0,1395129,13527.300000000001,0,0.0,4629.7
6.7,8,8,1600,0,0.173,22.0,63.0,-30.0404,-71.3815,2019,1,1,0,3230400,13527.300000000001,0,0.0,10720.0
6.6,5,4,671,0,7.818,18.0,35.0,-13.336,166.875,2019,1,1,0,1354749,13325.4,0,0.0,4428.599999999999
6.6,2,4,672,0,1.596,33.0,43.21,2.258,126.758,2019,1,1,0,1356768,13325.4,0,0.0,4435.2
6.8,3,3,715,0,1.181,16.0,570.41,-8.144,-71.587,2019,1,0,0,1443585,13729.199999999999,0,0.0,4862.0
7.0,5,5,803,0,1.769,21.0,60.21,5.8983,126.921,2018,12,1,0,1620454,14126.0,0,0.0,5621.0
7.3,3,7,822,0,4.126,23.0,16.56,55.0999,164.699,2018,12,1,0,1658796,14731.4,0,0.0,6000.599999999999
7.1,0,5,776,0,7.043,20.0,133.0,-58.5446,-26.3856,2018,12,1,0,1565968,14327.8,0,0.0,5509.599999999999
6.6,0,4,670,0,2.679,31.0,10.0,-22.0629,169.733,2018,12,1,0,1352060,13318.8,0,0.0,4422.0
7.5,3,6,871,0,2.405,18.0,10.0,-21.9496,169.427,2018,12,1,0,1757678,15135.0,0,0.0,6532.5
7.1,8,8,1790,0,0.0,0.0,46.7,61.3464,-149.955,2018,11,1,0,3612220,14327.8,0,0.0,12709.0
6.8,0,3,711,0,2.879,39.0,540.0,-17.8735,-178.927,2018,11,1,0,1434798,13722.4,0,0.0,4834.8
6.7,3,4,693,0,7.853,19.0,10.0,71.6312,-11.2431,2018,11,1,0,1398474,13520.6,0,0.0,4643.1
6.8,8,7,954,0,2.268,15.0,14.0,37.5203,20.5565,2018,10,0,0,1925172,13722.4,0,0.0,6487.2
6.5,2,4,655,0,1.692,68.0,10.0,49.297,-129.724,2018,10,0,0,1321790,13117.0,0,0.0,4257.5
6.8,4,4,776,0,1.505,36.0,10.0,49.3346,-129.289,2018,10,1,0,1565968,13722.4,0,0.0,5276.8
6.5,3,4,669,0,1.611,63.0,10.0,49.2586,-129.412,2018,10,1,0,1350042,13117.0,0,0.0,4348.5
6.5,0,4,650,0,2.109,22.0,17.0,-21.7427,169.522,2018,10,1,0,1311700,13117.0,0,0.0,4225.0
6.7,0,3,691,0,2.705,17.0,461.0,52.8549,153.243,2018,10,1,0,1394438,13520.6,0,0.0,4629.7
6.5,0,4,650,0,3.923,14.0,20.0,49.2902,156.297,2018,10,1,0,1311700,13117.0,0,0.0,4225.0
7.0,6,6,758,0,1.778,18.0,39.0,-5.7012,151.205,2018,10,1,0,1529644,14126.0,0,0.0,5306.0
6.7,2,3,691,0,3.745,23.0,550.0,-18.3604,-178.063,2018,9,1,0,1394438,13520.6,0,0.0,4629.7
7.5,8,8,2026,0,1.649,13.0,20.0,-0.2559,119.846,2018,9,0,0,4088468,15135.0,0,0.0,15195.0
6.5,4,1,651,0,5.139,18.0,576.0,-25.415,178.199,2018,9,0,0,1313718,13117.0,0,0.0,4231.5
6.9,3,4,735,0,2.785,18.0,115.0,-31.7447,-179.373,2018,9,0,0,1483230,13924.2,0,0.0,5071.5
6.5,3,6,651,0,1.638,25.0,68.0,-10.0207,161.503,2018,9,1,0,1313718,13117.0,0,0.0,4231.5
7.9,7,4,979,0,1.431,12.0,670.81,-18.4743,179.35,2018,9,1,0,1975622,15942.2,0,0.0,7734.1
6.6,8,9,1075,0,1.13,32.0,35.0,42.6861,141.929,2018,9,1,0,2169350,13318.8,0,0.0,7095.0
7.1,2,5,776,0,2.548,23.0,21.43,-22.0295,170.126,2018,8,1,0,1565968,14327.8,0,0.0,5509.599999999999
7.1,0,3,776,0,3.77,12.0,630.0,-11.0355,-70.8284,2018,8,0,0,1565968,14327.8,0,0.0,5509.599999999999
6.5,6,7,652,0,4.797,10.0,9.0,-16.0315,168.143,2018,8,1,0,1315736,13117.0,0,0.0,4238.0
7.3,8,6,1570,0,1.822,15.0,146.82,10.7731,-62.9019,2018,8,1,0,3168260,14731.4,0,0.0,11461.0
6.9,7,7,1206,0,2.453,31.0,21.0,-8.319,116.627,2018,8,0,0,2433708,13924.2,0,0.0,8321.4
8.2,5,4,1050,0,3.63,13.0,600.0,-18.1125,-178.153,2018,8,1,0,2118900,16547.6,0,0.0,8610.0
6.5,5,3,743,0,2.719,23.0,529.0,-7.3718,119.802,2018,8,0,0,1499374,13117.0,0,0.0,4829.5
6.5,6,6,655,0,0.576,22.0,33.93,51.4234,-178.026,2018,8,1,0,1321790,13117.0,0,0.0,4257.5
6.9,9,8,1704,0,2.271,15.0,34.0,-8.2581,116.438,2018,8,0,0,3438672,13924.2,0,0.0,11757.6
6.9,7,8,1392,63,0.11,210.0,5.81,19.3182,-155.0,2018,5,1,127134,2809056,13924.2,87696,434.70000000000005,9604.800000000001
6.8,5,3,733,0,5.32,16.0,559.0,-20.6588,-63.0058,2018,4,0,0,1479194,13722.4,0,0.0,4984.4
6.9,9,6,741,0,1.487,18.0,35.0,-5.5321,151.5,2018,3,1,0,1495338,13924.2,0,0.0,5112.900000000001
6.7,5,6,696,0,1.507,15.0,40.0,-5.5024,151.402,2018,3,1,0,1404528,13520.6,0,0.0,4663.2
6.8,6,6,719,0,1.049,16.0,22.86,-4.3762,153.2,2018,3,1,0,1450942,13722.4,0,0.0,4889.2
6.7,8,7,697,0,5.457,19.0,20.49,-6.3043,142.612,2018,3,1,0,1406546,13520.6,0,0.0,4669.900000000001
7.5,9,8,943,0,5.48,17.0,25.21,-6.0699,142.754,2018,2,1,0,1902974,15135.0,0,0.0,7072.5
7.2,7,7,1384,0,0.142,82.0,22.0,16.3855,-97.9787,2018,2,1,0,2792912,14529.6,0,0.0,9964.800000000001
7.9,9,4,1870,0,2.585,30.0,14.06,56.0039,-149.166,2018,1,1,0,3773660,15942.2,0,0.0,14773.0
7.1,9,7,1075,0,4.29,23.0,39.0,-15.7675,-74.7092,2018,1,1,0,2169350,14327.8,0,0.0,7632.5
7.5,8,5,1623,0,4.581,12.0,19.0,17.4825,-83.52,2018,1,1,0,3275214,15135.0,0,0.0,12172.5
6.5,8,7,998,0,2.365,28.0,90.0,-7.4921,108.174,2017,12,0,0,2012966,13110.5,0,0.0,6487.0
6.5,1,5,651,0,17.654,23.0,17.0,-54.2189,2.1628,2017,12,1,0,1313067,13110.5,0,0.0,4231.5
7.0,4,6,771,0,0.617,14.0,10.0,-21.3246,168.671,2017,11,1,0,1555107,14119.0,0,0.0,5397.0
6.6,4,5,676,0,0.529,21.0,13.0,-21.5027,168.598,2017,11,1,0,1363492,13312.199999999999,0,0.0,4461.599999999999
6.5,8,8,1153,0,0.225,37.0,19.36,9.5147,-84.4865,2017,11,1,0,2325601,13110.5,0,0.0,7494.5
7.3,8,9,2790,0,0.284,33.0,19.0,34.9109,45.9592,2017,11,0,0,5627430,14724.1,0,0.0,20367.0
6.5,6,5,661,0,4.449,10.0,110.57,-4.2433,143.485,2017,11,1,0,1333237,13110.5,0,0.0,4296.5
6.8,5,5,727,0,4.852,21.0,10.0,-15.3197,-173.168,2017,11,1,0,1466359,13715.6,0,0.0,4943.599999999999
6.6,3,5,674,0,0.788,29.0,22.0,-21.6484,168.859,2017,11,1,0,1359458,13312.199999999999,0,0.0,4448.4
6.7,3,4,691,0,1.062,55.0,24.0,-21.6971,169.148,2017,10,1,0,1393747,13513.9,0,0.0,4629.7
6.7,3,3,694,0,1.634,16.0,553.81,-7.2168,123.074,2017,10,0,0,1399798,13513.9,0,0.0,4649.8
6.5,3,5,651,0,1.154,11.0,119.0,52.3909,176.769,2017,10,1,0,1313067,13110.5,0,0.0,4231.5
7.1,9,8,1686,0,0.984,23.0,48.0,18.5499,-98.4887,2017,9,0,0,3400662,14320.699999999999,0,0.0,11970.599999999999
8.2,9,7,2910,0,0.944,22.0,47.39,15.0222,-93.8993,2017,9,1,0,5869470,16539.399999999998,0,0.0,23861.999999999996
6.5,5,7,707,0,11.411,22.0,9.0,33.1926,103.855,2017,8,0,0,1426019,13110.5,0,0.0,4595.5
6.6,7,7,1064,0,0.913,16.0,7.0,36.9293,27.4139,2017,7,0,0,2146088,13312.199999999999,0,0.0,7022.4
7.7,8,7,918,0,3.564,13.0,10.0,54.4434,168.857,2017,7,1,0,1851606,15530.9,0,0.0,7068.6
6.6,5,4,704,0,3.773,37.0,10.0,-49.4837,164.016,2017,7,1,0,1419968,13312.199999999999,0,0.0,4646.4
6.5,9,8,740,0,4.139,30.0,9.0,11.1269,124.629,2017,7,1,0,1492580,13110.5,0,0.0,4810.0
6.8,6,6,1034,0,1.065,38.0,38.12,13.7174,-90.9718,2017,6,1,0,2085578,13715.6,0,0.0,7031.2
6.9,8,6,1188,0,0.247,35.0,93.0,14.9091,-92.0092,2017,6,1,0,2396196,13917.300000000001,0,0.0,8197.2
6.8,0,4,711,0,2.308,12.0,5.0,54.0312,170.92,2017,6,1,0,1434087,13715.6,0,0.0,4834.8
6.6,7,7,678,0,2.353,18.0,12.0,-1.2923,120.431,2017,5,0,0,1367526,13312.199999999999,0,0.0,4474.8
6.5,0,4,650,0,6.489,17.0,15.0,-56.414,-25.7432,2017,5,1,0,1311050,13110.5,0,0.0,4225.0
6.8,6,5,713,0,7.495,19.0,169.0,-14.5884,167.377,2017,5,1,0,1438121,13715.6,0,0.0,4848.4
6.9,9,6,814,0,1.636,14.0,26.0,5.5043,125.066,2017,4,1,0,1641838,13917.300000000001,0,0.0,5616.6
6.9,9,7,1642,0,0.356,39.0,28.0,-33.0375,-72.0617,2017,4,1,0,3311914,13917.300000000001,0,0.0,11329.800000000001
6.5,7,8,1297,0,2.36,15.0,29.0,-22.6784,25.1558,2017,4,0,0,2616049,13110.5,0,0.0,8430.5
6.6,6,7,671,0,4.591,14.0,17.0,56.9401,162.786,2017,3,1,0,1353407,13312.199999999999,0,0.0,4428.599999999999
6.9,2,3,733,0,6.012,19.0,414.5,-23.2593,-178.804,2017,2,1,0,1478461,13917.300000000001,0,0.0,5057.7
6.5,3,3,653,0,4.242,14.0,595.98,-19.2814,-63.9047,2017,2,0,0,1317101,13110.5,0,0.0,4244.5
6.5,8,7,718,0,2.822,36.0,15.0,9.9071,125.452,2017,2,1,0,1448206,13110.5,0,0.0,4667.0
7.9,9,7,987,0,3.625,9.0,135.0,-6.2464,155.172,2017,1,1,0,1990779,15934.300000000001,0,0.0,7797.3
6.5,6,6,654,0,1.64,21.0,36.0,-10.3506,161.335,2017,1,1,0,1319118,13110.5,0,0.0,4251.0
7.3,6,3,849,0,3.813,18.0,627.17,4.4782,122.617,2017,1,1,0,1712433,14724.1,0,0.0,6197.7
6.9,6,4,742,0,2.495,13.0,12.0,-19.3733,176.052,2017,1,1,0,1496614,13917.300000000001,0,0.0,5119.8
7.6,9,8,1152,0,0.355,29.0,38.0,-43.4064,-73.9413,2016,12,1,0,2322432,15321.599999999999,0,0.0,8755.199999999999
6.7,5,5,726,0,3.38,17.0,152.0,-7.5082,127.921,2016,12,0,0,1463616,13507.2,0,0.0,4864.2
7.9,9,7,972,0,1.389,13.0,94.54,-4.5049,153.522,2016,12,1,0,1959552,15926.400000000001,0,0.0,7678.8
6.9,8,6,737,0,1.747,26.0,19.73,-10.749,161.132,2016,12,1,0,1485792,13910.400000000001,0,0.0,5085.3
6.5,0,5,650,0,1.937,18.0,12.26,-10.8416,161.314,2016,12,0,0,1310400,13104.0,0,0.0,4225.0
7.8,9,8,961,0,1.836,13.0,40.0,-10.6812,161.327,2016,12,1,0,1937376,15724.8,0,0.0,7495.8
6.6,5,4,1120,0,1.405,55.0,8.45,40.4535,-126.194,2016,12,1,0,2257920,13305.599999999999,0,0.0,7392.0
6.5,9,8,731,0,0.778,27.0,13.0,5.2834,96.1678,2016,12,0,0,1473696,13104.0,0,0.0,4751.5
6.6,8,7,693,0,1.697,20.0,17.0,39.2732,73.9776,2016,11,0,0,1397088,13305.599999999999,0,0.0,4573.8
6.9,5,4,855,0,1.796,20.0,10.0,11.9097,-88.8968,2016,11,1,0,1723680,13910.400000000001,0,0.0,5899.5
6.9,9,6,1144,0,0.671,10.0,9.0,37.3931,141.387,2016,11,1,0,2306304,13910.400000000001,0,0.0,7893.6
6.5,7,7,664,0,0.283,56.0,9.0,-42.6058,173.254,2016,11,1,0,1338624,13104.0,0,0.0,4316.0
6.5,6,7,656,0,0.135,58.0,10.0,-42.3205,173.669,2016,11,1,0,1322496,13104.0,0,0.0,4264.0
7.8,9,9,1545,0,0.481,21.0,15.11,-42.7373,173.054,2016,11,1,0,3114720,15724.8,0,0.0,12051.0
6.6,9,8,2840,0,0.174,25.0,8.0,42.8621,13.0961,2016,10,0,0,5725440,13305.599999999999,0,0.0,18744.0
6.6,3,3,677,0,2.022,16.0,614.0,-4.8626,108.163,2016,10,0,0,1364832,13305.599999999999,0,0.0,4468.2
6.8,3,6,716,0,3.727,11.0,42.0,-6.0033,148.887,2016,10,1,0,1443456,13708.8,0,0.0,4868.8
6.9,2,3,733,0,4.051,9.0,596.4,-19.7819,-178.244,2016,9,1,0,1477728,13910.400000000001,0,0.0,5057.7
7.0,5,6,897,0,0.698,21.0,19.0,-37.3586,179.146,2016,9,1,0,1808352,14112.0,0,0.0,6279.0
6.8,4,3,713,0,0.803,12.0,476.0,-3.6849,152.792,2016,8,1,0,1437408,13708.8,0,0.0,4848.4
6.8,6,6,981,0,1.802,17.0,82.0,20.9228,94.569,2016,8,0,0,1977696,13708.8,0,0.0,6670.8
7.2,6,5,799,0,4.823,14.0,16.37,-22.4765,173.117,2016,8,1,0,1610784,14515.2,0,0.0,5752.8
7.7,5,6,971,0,3.294,14.0,196.0,18.5429,145.507,2016,7,1,0,1957536,15523.2,0,0.0,7476.7
6.6,4,6,671,0,2.435,16.0,50.0,-2.0967,100.665,2016,6,0,0,1352736,13305.599999999999,0,0.0,4428.599999999999
7.2,1,6,798,0,5.803,24.0,78.0,-56.2409,-26.9353,2016,5,1,0,1608768,14515.2,0,0.0,5745.6
6.9,3,3,733,0,5.485,19.0,405.69,-21.9724,-178.204,2016,5,1,0,1477728,13910.400000000001,0,0.0,5057.7
6.9,8,7,780,0,1.192,17.0,29.95,0.4947,-79.616,2016,5,1,0,1572480,13910.400000000001,0,0.0,5382.0
6.7,5,7,744,0,1.352,21.0,16.0,0.4261,-79.7899,2016,5,1,0,1499904,13507.2,0,0.0,4984.8
7.0,7,7,755,0,0.616,14.0,24.0,-16.0429,167.379,2016,4,1,0,1522080,14112.0,0,0.0,5285.0
7.8,9,9,1163,0,1.44,15.0,20.59,0.3819,-79.9218,2016,4,1,0,2344608,15724.8,0,0.0,9071.4
7.0,9,9,2074,0,0.349,32.0,10.0,32.7906,130.754,2016,4,1,0,4181184,14112.0,0,0.0,14518.0
6.9,6,6,903,0,3.001,14.0,136.0,23.0944,94.8654,2016,4,0,0,1820448,13910.400000000001,0,0.0,6230.700000000001
6.6,6,4,738,0,0.789,17.0,212.0,36.4725,71.1311,2016,4,0,0,1487808,13305.599999999999,0,0.0,4870.8
6.7,7,5,692,0,6.787,25.0,27.59,-13.9805,166.594,2016,4,1,0,1395072,13507.2,0,0.0,4636.400000000001
6.7,7,6,691,0,6.697,19.0,24.0,-14.0683,166.624,2016,4,1,0,1393056,13507.2,0,0.0,4629.7
6.9,7,6,734,0,1.166,25.0,26.0,-14.3235,166.855,2016,4,1,0,1479744,13910.400000000001,0,0.0,5064.6
7.8,4,3,948,0,7.009,20.0,24.0,-4.9521,94.3299,2016,3,0,0,1911168,15724.8,0,0.0,7394.4
7.2,3,7,799,0,0.958,17.0,177.0,53.9776,158.546,2016,1,1,0,1610784,14515.2,0,0.0,5752.8
7.1,7,7,1496,0,0.0,0.0,125.6,59.6204,-153.339,2016,1,1,0,3015936,14313.599999999999,0,0.0,10621.6
6.6,3,4,673,0,2.413,74.0,10.0,18.8239,-106.934,2016,1,1,0,1356768,13305.599999999999,0,0.0,4441.8
6.7,5,6,717,0,0.281,22.0,46.0,41.9723,142.781,2016,1,1,0,1445472,13507.2,0,0.0,4803.900000000001
6.5,3,6,651,0,3.144,22.0,13.0,3.8965,126.862,2016,1,1,0,1312416,13104.0,0,0.0,4231.5
6.7,8,7,1515,0,1.794,16.0,55.0,24.8036,93.6505,2016,1,0,0,3054240,13507.2,0,0.0,10150.5
6.6,8,6,765,0,0.41,35.0,85.0,15.8015,-93.633,2015,12,1,0,1541475,13299.0,0,0.0,5049.0
6.9,8,5,738,0,2.979,14.0,21.0,-4.1064,129.508,2015,12,0,0,1487070,13903.5,0,0.0,5092.2
7.2,4,7,827,0,1.116,18.0,22.0,38.2107,72.7797,2015,12,0,0,1666405,14508.0,0,0.0,5954.400000000001
6.7,2,3,691,0,2.033,19.0,602.75,-9.1825,-71.2574,2015,11,0,0,1392365,13500.5,0,0.0,4629.7
7.6,5,4,896,0,2.852,10.0,620.56,-10.0598,-71.0184,2015,11,0,0,1805440,15314.0,0,0.0,6809.599999999999
7.6,6,5,957,0,3.287,10.0,606.21,-10.5372,-70.9437,2015,11,1,0,1928355,15314.0,0,0.0,7273.2
6.8,5,6,715,0,1.599,19.0,12.59,-8.8994,158.422,2015,11,1,0,1440725,13702.0,0,0.0,4862.0
6.5,7,7,1018,0,0.0,0.0,11.0,38.67,20.6,2015,11,0,0,2051270,13097.5,0,0.0,6617.0
6.7,5,4,702,0,1.444,17.0,12.0,31.0009,128.873,2015,11,0,0,1414530,13500.5,0,0.0,4703.400000000001
6.9,5,6,744,0,0.821,43.0,10.0,-29.5097,-72.0585,2015,11,0,0,1499160,13903.5,0,0.0,5133.6
6.9,6,6,761,0,0.784,32.0,12.0,-29.5067,-72.0068,2015,11,1,0,1533415,13903.5,0,0.0,5250.900000000001
6.6,7,4,675,0,2.792,31.0,10.0,6.8431,94.648,2015,11,0,0,1360125,13299.0,0,0.0,4455.0
6.8,7,7,841,0,0.258,41.0,46.0,-30.8796,-71.4519,2015,11,1,0,1694615,13702.0,0,0.0,5718.8
6.5,5,7,657,0,1.53,21.0,20.0,-8.3381,124.875,2015,11,0,0,1323855,13097.5,0,0.0,4270.5
7.5,8,7,1448,0,0.622,18.0,231.0,36.5244,70.3676,2015,10,0,0,2917720,15112.5,0,0.0,10860.0
7.1,6,6,780,0,0.592,11.0,135.0,-14.8595,167.303,2015,10,1,0,1571700,14306.5,0,0.0,5538.0
6.6,7,7,671,0,2.486,13.0,18.0,-0.6212,131.262,2015,9,0,0,1352065,13299.0,0,0.0,4428.599999999999
6.6,5,7,820,0,1.064,14.0,35.0,-31.7275,-71.3792,2015,9,1,0,1652300,13299.0,0,0.0,5412.0
6.7,5,7,718,0,0.853,35.0,23.0,-31.5173,-71.804,2015,9,0,0,1446770,13500.5,0,0.0,4810.6
6.5,6,7,657,0,0.749,62.0,27.0,-31.4244,-71.6876,2015,9,0,0,1323855,13097.5,0,0.0,4270.5
7.0,8,7,799,0,0.903,13.0,28.41,-31.5622,-71.4262,2015,9,0,0,1609985,14105.0,0,0.0,5593.0
8.3,9,8,1960,0,0.684,19.0,22.44,-31.5729,-71.6744,2015,9,1,0,3949400,16724.5,0,0.0,16268.000000000002
6.7,5,5,708,0,1.256,123.0,10.0,24.913,-109.623,2015,9,1,0,1426620,13500.5,0,0.0,4743.6
6.5,0,5,650,0,2.045,16.0,6.43,-9.3293,157.877,2015,8,1,0,1309750,13097.5,0,0.0,4225.0
6.6,3,5,671,0,1.872,20.0,22.0,-9.3438,158.053,2015,8,1,0,1352065,13299.0,0,0.0,4428.599999999999
7.0,9,7,762,0,6.278,12.0,48.0,-2.6286,138.528,2015,7,1,0,1535430,14105.0,0,0.0,5334.0
6.9,4,7,734,0,0.444,39.0,29.0,52.376,-169.446,2015,7,1,0,1479010,13903.5,0,0.0,5064.6
7.0,8,6,759,0,5.205,22.0,11.0,-10.4012,165.141,2015,7,1,0,1529385,14105.0,0,0.0,5313.0
6.5,4,4,686,0,1.218,20.0,20.0,13.8672,-58.5479,2015,7,1,0,1382290,13097.5,0,0.0,4459.0
6.7,4,5,691,0,1.529,11.0,12.0,-9.307,158.403,2015,7,1,0,1392365,13500.5,0,0.0,4629.7
6.5,3,4,652,0,2.277,11.0,460.0,27.7375,139.725,2015,6,0,0,1313780,13097.5,0,0.0,4238.0
7.8,6,3,1151,0,1.675,12.0,664.0,27.8386,140.493,2015,5,1,0,2319265,15717.0,0,0.0,8977.8
6.8,5,6,762,0,0.0,0.0,72.6,56.594,-156.43,2015,5,1,0,1535430,13702.0,0,0.0,5181.599999999999
6.8,1,5,711,0,3.619,18.0,10.0,-11.1093,163.215,2015,5,1,0,1432665,13702.0,0,0.0,4834.8
6.9,1,4,732,0,4.024,22.0,11.19,-11.0559,163.696,2015,5,1,0,1474980,13903.5,0,0.0,5050.8
6.8,1,4,711,0,4.395,15.0,11.0,-10.8759,164.169,2015,5,1,0,1432665,13702.0,0,0.0,4834.8
6.8,8,6,831,0,1.422,8.0,35.0,38.9056,142.032,2015,5,1,0,1674465,13702.0,0,0.0,5650.8
7.3,8,7,1563,0,0.677,11.0,15.0,27.8087,86.0655,2015,5,0,0,3149445,14709.5,0,0.0,11409.9
7.1,1,6,776,0,3.835,11.0,10.0,-7.2175,154.557,2015,5,1,0,1563640,14306.5,0,0.0,5509.599999999999
7.5,7,8,869,0,1.295,22.0,55.0,-5.4624,151.875,2015,5,1,0,1751035,15112.5,0,0.0,6517.5
6.8,5,6,714,0,1.074,23.0,44.0,-5.2005,151.777,2015,5,1,0,1438710,13702.0,0,0.0,4855.2
6.7,5,6,692,0,1.239,12.0,31.0,-5.375,151.771,2015,4,1,0,1394380,13500.5,0,0.0,4636.400000000001
6.7,7,7,1016,0,0.727,13.0,22.91,27.7711,86.0173,2015,4,0,0,2047240,13500.5,0,0.0,6807.2
6.6,8,7,733,0,1.778,16.0,10.0,28.2244,84.8216,2015,4,0,0,1476995,13299.0,0,0.0,4837.8
7.8,8,9,2820,0,1.857,12.0,8.22,28.2305,84.7314,2015,4,0,0,5682300,15717.0,0,0.0,21996.0
6.5,0,5,650,0,3.702,42.0,10.0,-15.8815,-178.6,2015,4,1,0,1309750,13097.5,0,0.0,4225.0
6.5,2,5,650,0,4.629,36.0,11.0,-15.4994,-173.029,2015,3,1,0,1309750,13097.5,0,0.0,4225.0
7.5,6,7,872,0,0.666,19.0,41.0,-4.7294,152.562,2015,3,1,0,1757080,15112.5,0,0.0,6540.0
7.0,4,6,760,0,1.362,12.0,552.06,-7.2968,122.535,2015,2,0,0,1531400,14105.0,0,0.0,5320.0
6.7,5,5,714,0,1.925,20.0,23.0,39.8558,142.881,2015,2,1,0,1438710,13500.5,0,0.0,4783.8
6.7,4,6,700,0,2.11,16.0,223.0,-23.1125,-66.688,2015,2,1,0,1410500,13500.5,0,0.0,4690.0
6.8,1,4,711,0,2.019,13.0,219.96,-17.0309,168.52,2015,1,1,0,1432665,13702.0,0,0.0,4834.8
6.5,1,4,650,0,4.318,61.0,8.0,5.9045,-82.6576,2015,1,1,0,1309750,13097.5,0,0.0,4225.0
6.6,7,6,709,0,2.485,43.0,20.0,7.9401,-82.6865,2014,12,1,0,1427926,13292.4,0,0.0,4679.4
6.6,1,5,670,0,3.246,12.0,23.0,-6.5108,154.46,2014,12,1,0,1349380,13292.4,0,0.0,4422.0
6.6,1,3,670,0,2.6,9.0,614.0,6.1572,123.126,2014,12,0,0,1349380,13292.4,0,0.0,4422.0
6.8,6,5,713,0,1.421,19.0,39.0,1.9604,126.575,2014,11,1,0,1435982,13695.199999999999,0,0.0,4848.4
6.5,5,5,652,0,1.549,9.0,35.0,2.2999,127.056,2014,11,1,0,1313128,13091.0,0,0.0,4238.0
6.7,7,4,698,0,1.079,25.0,22.0,-37.6478,179.662,2014,11,1,0,1405772,13493.800000000001,0,0.0,4676.6
7.1,4,6,779,0,1.397,18.0,45.0,1.8929,126.522,2014,11,1,0,1568906,14299.4,0,0.0,5530.9
6.6,2,6,671,0,3.557,13.0,53.19,-5.9873,148.232,2014,11,1,0,1351394,13292.4,0,0.0,4428.599999999999
7.1,3,6,776,0,4.415,13.0,434.0,-19.6903,-177.759,2014,11,1,0,1562864,14299.4,0,0.0,5509.599999999999
7.3,8,6,982,0,1.078,18.0,40.0,12.5262,-88.1225,2014,10,1,0,1977748,14702.199999999999,0,0.0,7168.599999999999
6.7,5,5,724,0,0.46,11.0,130.0,13.7641,144.429,2014,9,1,0,1458136,13493.800000000001,0,0.0,4850.8
6.8,6,6,741,0,4.107,18.0,101.0,-14.598,-73.5714,2014,8,1,0,1492374,13695.199999999999,0,0.0,5038.8
6.9,0,4,732,0,6.393,12.0,13.0,0.8295,146.169,2014,8,1,0,1474248,13896.6,0,0.0,5050.8
6.9,0,6,732,0,3.934,15.0,615.42,-19.8015,-178.4,2014,7,1,0,1474248,13896.6,0,0.0,5050.8
6.5,5,4,706,0,2.421,9.0,20.0,37.0052,142.452,2014,7,1,0,1421884,13091.0,0,0.0,4589.0
6.9,8,7,1079,0,0.263,51.0,53.0,14.724,-92.4614,2014,7,1,0,2173106,13896.6,0,0.0,7445.1
6.5,0,4,650,0,2.124,15.0,20.0,-6.2304,152.807,2014,7,1,0,1309100,13091.0,0,0.0,4225.0
6.7,0,5,691,0,6.713,45.0,18.0,-14.9831,-175.51,2014,6,1,0,1391674,13493.800000000001,0,0.0,4629.7
6.9,0,5,732,0,4.838,25.0,8.0,-55.4703,-28.3669,2014,6,1,0,1474248,13896.6,0,0.0,5050.8
7.9,6,8,963,0,0.133,22.0,109.0,51.8486,178.735,2014,6,1,0,1939482,15910.6,0,0.0,7607.700000000001
6.7,0,5,691,0,0.748,43.0,26.59,-29.9414,-177.607,2014,6,0,0,1391674,13493.800000000001,0,0.0,4629.7
6.5,0,5,650,0,0.778,30.0,10.0,-29.9379,-177.516,2014,6,0,0,1309100,13091.0,0,0.0,4225.0
6.9,0,5,732,0,0.751,35.0,20.0,-29.9772,-177.725,2014,6,1,0,1474248,13896.6,0,0.0,5050.8
6.9,9,7,951,0,0.402,25.0,6.43,40.2893,25.3889,2014,5,0,0,1915314,13896.6,0,0.0,6561.900000000001
6.5,7,5,694,0,3.121,33.0,10.0,7.2096,-82.3045,2014,5,1,0,1397716,13091.0,0,0.0,4511.0
6.6,0,5,670,0,3.34,10.0,106.0,-21.4542,170.355,2014,5,1,0,1349380,13292.4,0,0.0,4422.0
6.5,4,6,838,0,0.0,0.0,10.0,49.6388,-127.732,2014,4,1,0,1687732,13091.0,0,0.0,5447.0
7.5,0,6,865,0,3.82,16.0,43.37,-6.7547,155.024,2014,4,1,0,1742110,15105.0,0,0.0,6487.5
6.6,0,6,670,0,3.803,11.0,29.0,-6.6558,155.087,2014,4,1,0,1349380,13292.4,0,0.0,4422.0
7.2,8,7,1017,0,2.25,46.0,24.0,17.397,-100.972,2014,4,1,0,2048238,14500.800000000001,0,0.0,7322.400000000001
6.6,0,6,670,0,2.666,22.0,10.0,-11.1284,162.052,2014,4,0,0,1349380,13292.4,0,0.0,4422.0
7.4,0,6,842,0,2.885,17.0,39.0,-11.4633,162.051,2014,4,1,0,1695788,14903.6,0,0.0,6230.8
7.6,0,7,889,0,2.828,13.0,22.56,-11.2701,162.148,2014,4,1,0,1790446,15306.4,0,0.0,6756.4
6.6,6,5,677,0,0.761,20.0,135.0,11.642,-85.8779,2014,4,1,0,1363478,13292.4,0,0.0,4468.2
6.5,0,6,650,0,3.787,16.0,20.0,-6.7878,154.95,2014,4,1,0,1309100,13091.0,0,0.0,4225.0
7.1,0,7,776,0,3.729,21.0,60.53,-6.5858,155.048,2014,4,1,0,1562864,14299.4,0,0.0,5509.599999999999
7.7,8,9,1057,0,1.029,44.0,22.4,-20.5709,-70.4931,2014,4,1,0,2128798,15507.800000000001,0,0.0,8138.900000000001
6.5,7,7,670,0,0.828,82.0,24.07,-20.3113,-70.5756,2014,4,0,0,1349380,13091.0,0,0.0,4355.0
6.9,0,5,732,0,0.828,119.0,28.42,-19.8927,-70.9455,2014,4,0,0,1474248,13896.6,0,0.0,5050.8
8.2,9,8,1332,0,0.609,23.0,25.0,-19.6097,-70.7691,2014,4,1,0,2682648,16514.8,0,0.0,10922.4
6.7,7,7,718,0,1.008,44.0,20.0,-19.9807,-70.7022,2014,3,1,0,1446052,13493.800000000001,0,0.0,4810.6
6.8,5,5,1211,112,0.6568,229.0,16.441,40.8287,-125.134,2014,3,1,225568,2438954,13695.199999999999,135632,761.6,8234.8
6.5,4,5,668,0,1.001,17.0,119.0,27.4312,127.367,2014,3,1,0,1345352,13091.0,0,0.0,4342.0
6.5,5,4,681,0,1.635,30.0,14.83,14.6682,-58.9272,2014,2,1,0,1371534,13091.0,0,0.0,4426.5
6.9,3,8,733,0,7.496,18.0,10.0,35.9053,82.5864,2014,2,0,0,1476262,13896.6,0,0.0,5057.7
6.5,0,5,650,0,0.409,20.0,122.0,-15.0691,167.372,2014,2,1,0,1309100,13091.0,0,0.0,4225.0
6.5,0,3,650,0,3.651,22.0,44.26,-32.9076,-177.881,2014,2,1,0,1309100,13091.0,0,0.0,4225.0
6.5,0,4,650,0,3.997,14.0,187.0,-13.8633,167.249,2014,1,1,0,1309100,13091.0,0,0.0,4225.0
6.5,3,4,651,0,5.194,22.0,371.0,-17.1171,-176.545,2013,11,0,0,1310463,13084.5,0,0.0,4231.5
7.7,1,8,912,0,8.05,23.0,10.0,-60.2738,-46.4011,2013,11,1,0,1835856,15500.1,0,0.0,7022.400000000001
6.9,0,5,732,0,8.284,17.0,9.97,-60.2627,-47.0621,2013,11,1,0,1473516,13889.7,0,0.0,5050.8
6.6,6,7,723,0,0.636,31.0,27.0,-30.2921,-71.5215,2013,10,1,0,1455399,13285.8,0,0.0,4771.8
7.1,6,4,872,0,3.968,10.0,35.0,37.1557,144.661,2013,10,1,0,1755336,14292.3,0,0.0,6191.2
6.6,8,5,692,0,1.98,44.0,9.45,26.0913,-110.321,2013,10,1,0,1392996,13285.8,0,0.0,4567.2
6.8,0,6,711,0,5.79,9.0,35.0,-6.4456,154.931,2013,10,1,0,1431243,13688.4,0,0.0,4834.8
7.1,9,8,1092,0,3.144,12.0,19.04,9.8796,124.117,2013,10,1,0,2198196,14292.3,0,0.0,7753.2
6.6,5,6,691,0,1.984,40.0,40.0,35.5142,23.2523,2013,10,0,0,1390983,13285.8,0,0.0,4560.599999999999
6.7,0,3,691,0,2.958,11.0,573.0,53.1995,152.786,2013,10,0,0,1390983,13487.1,0,0.0,4629.7
6.5,0,4,650,0,1.709,21.0,41.54,-30.9255,-178.323,2013,9,1,0,1308450,13084.5,0,0.0,4225.0
6.8,7,7,1005,0,7.359,17.0,12.0,27.1825,65.5052,2013,9,0,0,2023065,13688.4,0,0.0,6834.0
7.1,8,7,843,0,4.446,17.0,40.0,-15.8385,-74.5112,2013,9,1,0,1696959,14292.3,0,0.0,5985.299999999999
7.7,5,8,2015,0,7.241,17.0,15.0,26.951,65.5009,2013,9,0,0,4056195,15500.1,0,0.0,15515.5
6.5,0,6,650,0,0.735,24.0,20.0,51.5573,-174.767,2013,9,1,0,1308450,13084.5,0,0.0,4225.0
6.5,5,3,739,0,3.276,26.0,402.0,29.9377,138.833,2013,9,0,0,1487607,13084.5,0,0.0,4803.5
6.5,4,5,668,0,3.097,11.0,112.0,-7.44,128.221,2013,9,0,0,1344684,13084.5,0,0.0,4342.0
7.0,5,6,758,0,0.624,53.0,29.0,51.537,-175.23,2013,8,0,0,1525854,14091.0,0,0.0,5306.0
6.5,9,7,690,0,0.0,0.0,8.2,-41.734,174.152,2013,8,1,0,1388970,13084.5,0,0.0,4485.0
6.7,4,5,715,0,3.741,22.0,12.0,5.7732,-78.1999,2013,8,1,0,1439295,13487.1,0,0.0,4790.5
6.5,6,7,693,229,0.0,20.0,17.0,-41.704,174.337,2013,7,1,460977,1395009,13084.5,158697,1488.5,4504.5
7.3,0,6,820,398,0.0,43.0,11.0,-60.857,-25.07,2013,7,1,801174,1650660,14694.9,326360,2905.4,5986.0
6.6,4,6,674,139,0.0,14.0,56.0,-6.029,149.706,2013,7,0,279807,1356762,13285.8,93686,917.4,4448.4
7.3,0,4,820,117,0.0,24.0,385.5,-3.917,153.927,2013,7,1,235521,1650660,14694.9,95940,854.1,5986.0
6.6,0,7,670,111,0.0,16.0,10.0,10.701,-42.594,2013,6,1,223443,1348710,13285.8,74370,732.5999999999999,4422.0
6.5,5,6,679,698,0.0,27.0,30.0,11.763,-86.926,2013,6,1,1405074,1366827,13084.5,473942,4537.0,4413.5
6.7,5,4,710,515,0.0,24.0,9.0,-10.004,107.236,2013,6,0,1036695,1429230,13487.1,365650,3450.5,4757.0
6.7,0,3,691,217,0.0,25.2,624.0,52.235,151.444,2013,5,1,436821,1390983,13487.1,149947,1453.9,4629.7
8.3,5,5,1115,385,0.0,10.0,598.1,54.892,153.221,2013,5,1,775005,2244495,16707.9,429275,3195.5000000000005,9254.5
7.4,0,6,842,626,0.0,16.0,173.7,-23.009,-177.232,2013,5,1,1260138,1694946,14896.2,527092,4632.400000000001,6230.8
6.8,0,3,711,131,0.0,18.0,602.2,18.728,145.288,2013,5,0,263703,1431243,13688.4,93141,890.8,4834.8
6.5,0,6,650,264,0.0,16.6,10.0,-3.898,152.127,2013,4,1,531432,1308450,13084.5,171600,1716.0,4225.0
6.6,8,8,2083,548,0.0,12.6,14.0,30.308,102.888,2013,4,0,1103124,4193079,13285.8,1141484,3616.7999999999997,13747.8
7.2,5,7,804,770,0.0,10.1,110.0,46.221,150.788,2013,4,1,1550010,1618452,14493.6,619080,5544.0,5788.8
6.6,7,7,672,445,0.0,11.0,13.0,-3.214,142.542,2013,4,1,895785,1352736,13285.8,299040,2937.0,4435.2
7.7,8,8,1421,506,0.0,26.6,80.0,28.033,61.996,2013,4,0,1018578,2860473,15500.1,719026,3896.2000000000003,10941.7
6.6,0,5,670,491,0.0,11.5,31.0,-6.475,154.607,2013,4,1,988383,1348710,13285.8,328970,3240.6,4422.0
7.0,3,7,755,640,0.0,11.4,66.0,-3.517,138.476,2013,4,1,1288320,1519815,14091.0,483200,4480.0,5285.0
6.5,0,6,650,317,0.0,14.2,28.0,-6.598,148.174,2013,3,1,638121,1308450,13084.5,206050,2060.5,4225.0
6.5,3,6,651,480,0.0,20.7,29.0,50.958,157.408,2013,3,0,966240,1310463,13084.5,312480,3120.0,4231.5
6.9,5,6,736,531,0.0,20.7,41.0,50.954,157.283,2013,2,1,1068903,1481568,13889.7,390816,3663.9,5078.400000000001
6.6,0,7,670,697,0.0,15.3,11.0,67.631,142.508,2013,2,1,1403061,1348710,13285.8,466990,4600.2,4422.0
6.6,0,6,670,421,0.0,16.6,18.0,-10.994,165.741,2013,2,1,847473,1348710,13285.8,282070,2778.6,4422.0
6.9,5,5,904,562,0.0,23.7,145.0,1.135,-77.393,2013,2,1,1131306,1819752,13889.7,508048,3877.8,6237.6
7.1,9,6,780,334,0.0,16.5,21.0,-10.928,166.018,2013,2,1,672342,1570140,14292.3,260520,2371.4,5538.0
6.8,0,7,711,400,0.0,17.5,12.0,-10.838,165.969,2013,2,1,805200,1431243,13688.4,284400,2720.0,4834.8
6.7,0,6,691,387,0.0,26.5,11.0,-10.997,165.655,2013,2,1,779031,1390983,13487.1,267417,2592.9,4629.7
7.0,0,6,754,445,0.0,17.5,8.8,-10.499,165.588,2013,2,0,895785,1517802,14091.0,335530,3115.0,5278.0
7.1,0,5,776,550,0.0,18.4,10.0,-11.183,164.882,2013,2,0,1107150,1562088,14292.3,426800,3905.0,5509.599999999999
8.0,8,7,993,460,0.0,20.9,24.0,-10.799,165.114,2013,2,1,925980,1998909,16104.0,456780,3680.0,7944.0
6.9,6,7,814,686,0.0,28.0,107.0,42.77,143.092,2013,2,0,1380918,1638582,13889.7,558404,4733.400000000001,5616.6
6.8,6,7,771,596,0.0,19.3,45.0,-28.094,-70.653,2013,1,0,1199748,1552023,13688.4,459516,4052.7999999999997,5242.8
7.5,6,6,1425,0,0.0,0.0,8.7,55.228,-134.859,2013,1,0,0,2868525,15097.5,0,0.0,10687.5
6.7,0,4,691,521,0.0,13.7,200.7,-14.344,167.286,2012,12,0,1048252,1390292,13480.4,360011,3490.7000000000003,4629.7
7.1,5,5,843,517,0.0,8.7,155.0,-6.533,129.825,2012,12,0,1040204,1696116,14285.199999999999,435831,3670.7,5985.299999999999
7.3,6,5,1014,918,0.0,14.8,31.0,37.89,143.949,2012,12,0,1847016,2040168,14687.6,930852,6701.4,7402.2
6.5,4,5,708,598,0.0,57.3,20.0,14.129,-92.164,2012,11,0,1203176,1424496,13078.0,423384,3887.0,4602.0
6.8,7,6,795,391,0.0,13.7,13.7,23.005,95.885,2012,11,0,786692,1599540,13681.6,310845,2658.7999999999997,5406.0
7.4,8,7,1455,751,0.0,25.5,24.0,13.988,-91.895,2012,11,0,1511012,2927460,14888.800000000001,1092705,5557.400000000001,10767.0
7.8,8,7,1726,807,0.0,42.7,14.0,52.788,-132.101,2012,10,0,1623684,3472712,15693.6,1392882,6294.599999999999,13462.8
6.5,6,6,745,691,0.0,34.4,17.0,10.086,-85.298,2012,10,0,1390292,1498940,13078.0,514795,4491.5,4842.5
6.6,3,5,675,291,0.0,17.7,13.0,-4.892,134.03,2012,10,0,585492,1358100,13279.199999999999,196425,1920.6,4455.0
7.3,7,6,1221,934,0.0,15.5,170.0,1.929,-76.362,2012,9,0,1879208,2456652,14687.6,1140414,6818.2,8913.3
7.6,8,7,1555,703,0.0,34.3,35.0,10.085,-85.315,2012,9,0,1414436,3128660,15291.199999999999,1093165,5342.8,11818.0
7.6,8,5,1115,682,0.0,10.2,28.0,10.811,126.638,2012,8,0,1372184,2243380,15291.199999999999,760430,5183.2,8474.0
7.3,5,5,994,417,0.0,37.0,28.0,12.139,-88.59,2012,8,0,839004,1999928,14687.6,414498,3044.1,7256.2
6.6,4,5,678,497,0.0,14.6,91.1,2.19,126.837,2012,8,0,999964,1364136,13279.199999999999,336966,3280.2,4474.8
7.7,7,4,941,862,0.0,13.8,583.2,49.8,145.064,2012,8,0,1734344,1893292,15492.4,811142,6637.400000000001,7245.7
6.5,5,6,653,576,0.0,11.7,41.0,-4.651,153.173,2012,7,0,1158912,1313836,13078.0,376128,3744.0,4244.5
6.6,4,5,675,529,0.0,15.7,134.7,-18.685,-174.705,2012,4,0,1064348,1358100,13279.199999999999,357075,3491.3999999999996,4455.0
6.7,0,7,691,370,0.0,15.4,16.0,-1.617,134.276,2012,4,0,744440,1390292,13480.4,255670,2479.0,4629.7
6.8,6,5,732,597,0.0,12.6,198.0,-5.462,147.117,2012,4,0,1201164,1472784,13681.6,437004,4059.6,4977.599999999999
6.7,0,7,691,518,0.0,26.9,29.0,-32.625,-71.365,2012,4,0,1042216,1390292,13480.4,357938,3470.6,4629.7
7.0,7,7,1000,474,0.0,95.9,13.0,28.696,-113.104,2012,4,0,953688,2012000,14084.0,474000,3318.0,7000.0
6.5,7,6,1171,599,0.0,54.1,20.0,18.229,-102.689,2012,4,0,1205188,2356052,13078.0,701429,3893.5,7611.5
8.2,9,6,1213,341,0.0,14.9,25.1,0.802,92.463,2012,4,0,686092,2440556,16498.399999999998,413633,2796.2,9946.599999999999
8.6,9,7,2048,499,0.0,16.6,20.0,2.327,93.063,2012,4,0,1003988,4120576,17303.2,1021952,4291.4,17612.8
7.1,7,7,1496,553,0.0,15.2,40.7,-35.2,-72.217,2012,3,0,1112636,3009952,14285.199999999999,827288,3926.2999999999997,10621.6
6.6,6,6,709,640,0.0,10.1,118.0,-6.242,145.955,2012,3,0,1287680,1426508,13279.199999999999,453760,4224.0,4679.4
7.4,9,8,1752,672,0.0,37.9,20.0,16.493,-98.231,2012,3,0,1352064,3525024,14888.800000000001,1177344,4972.8,12964.800000000001
6.7,7,7,833,596,0.0,13.4,12.0,51.708,95.991,2012,2,0,1199152,1675996,13480.4,496468,3993.2000000000003,5581.1
6.7,9,7,1551,572,0.0,11.1,11.0,9.999,123.206,2012,2,0,1150864,3120612,13480.4,887172,3832.4,10391.7
7.1,5,5,793,573,0.0,12.0,23.0,-17.827,167.133,2012,2,0,1152876,1595516,14285.199999999999,454389,4068.2999999999997,5630.299999999999
7.2,4,4,838,443,0.0,17.0,19.0,2.433,93.21,2012,1,0,891316,1686056,14486.4,371234,3189.6,6033.6
6.6,0,7,670,545,0.0,17.6,15.0,51.842,95.911,2011,12,0,1095995,1347370,13272.599999999999,365150,3597.0,4422.0
7.1,6,6,834,485,0.0,10.6,135.0,-7.551,146.809,2011,12,0,975335,1677174,14278.099999999999,404490,3443.5,5921.4
6.5,8,7,1400,578,0.0,38.6,59.0,17.986,-99.789,2011,12,0,1162358,2815400,13071.5,809200,3757.0,9100.0
6.9,6,7,847,474,0.0,46.5,24.0,-14.438,-75.966,2011,10,0,953214,1703317,13875.900000000001,401478,3270.6000000000004,5844.3
7.1,9,9,1096,693,0.0,19.7,18.0,38.721,43.508,2011,10,0,1393623,2204056,14278.099999999999,759528,4920.3,7781.599999999999
6.5,3,6,655,423,0.0,12.6,37.0,-6.57,147.881,2011,10,0,850653,1317205,13071.5,277065,2749.5,4257.5
6.9,8,8,1562,383,0.0,13.0,50.0,27.73,88.155,2011,9,0,770213,3141182,13875.900000000001,598246,2642.7000000000003,10777.800000000001
6.7,5,5,712,667,0.0,10.9,30.0,40.273,142.779,2011,9,0,1341337,1431832,13473.7,474904,4468.900000000001,4770.400000000001
6.7,5,6,915,447,0.0,15.3,91.0,2.965,97.893,2011,9,0,898917,1840065,13473.7,409005,2994.9,6130.5
7.0,7,5,761,406,0.0,15.3,185.1,-20.671,169.716,2011,9,0,816466,1530371,14077.0,308966,2842.0,5327.0
7.0,6,6,913,471,0.0,26.9,147.0,-7.641,-74.525,2011,8,0,947181,1836043,14077.0,430023,3297.0,6391.0
7.1,5,6,787,564,0.0,12.3,28.0,-18.311,168.218,2011,8,0,1134204,1582657,14278.099999999999,443868,4004.3999999999996,5587.7
6.5,0,5,650,322,0.0,15.0,35.0,-18.308,168.156,2011,8,0,647542,1307150,13071.5,209300,2093.0,4225.0
7.2,8,6,813,280,0.0,18.4,32.0,-18.365,168.143,2011,8,0,563080,1634943,14479.2,227640,2016.0,5853.6
6.6,3,6,674,229,0.0,16.6,10.0,-3.518,144.828,2011,7,0,460519,1355414,13272.599999999999,154346,1511.3999999999999,4448.4
7.6,3,7,893,567,0.0,33.5,17.0,-29.539,-176.34,2011,7,0,1140237,1795823,15283.599999999999,506331,4309.2,6786.799999999999
6.7,6,6,749,592,0.0,24.9,33.0,39.955,142.205,2011,6,0,1190512,1506239,13473.7,443408,3966.4,5018.3
6.8,4,5,734,519,0.0,12.5,11.0,-20.244,168.226,2011,5,0,1043709,1476074,13674.8,380946,3529.2,4991.2
6.8,5,6,719,445,0.0,13.0,79.0,-10.375,161.2,2011,4,0,894895,1445909,13674.8,319955,3026.0,4889.2
6.6,7,7,822,586,0.0,10.1,11.0,37.001,140.401,2011,4,0,1178446,1653042,13272.599999999999,481692,3867.6,5425.2
7.1,8,8,1114,446,0.0,17.7,42.0,38.276,141.588,2011,4,0,896906,2240254,14278.099999999999,496844,3166.6,7909.4
6.6,7,6,897,518,0.0,37.2,166.2,17.208,-94.338,2011,4,0,1041698,1803867,13272.599999999999,464646,3418.7999999999997,5920.2
6.9,7,9,1154,335,0.0,18.2,8.0,20.687,99.822,2011,3,0,673685,2320694,13875.900000000001,386590,2311.5,7962.6
6.6,6,5,673,668,0.0,9.5,25.7,39.241,142.463,2011,3,0,1343348,1353403,13272.599999999999,449564,4408.8,4441.8
6.5,0,4,650,369,0.0,18.7,6.8,36.166,141.562,2011,3,0,742059,1307150,13071.5,239850,2398.5,4225.0
7.7,7,4,931,507,0.0,10.8,18.6,38.058,144.59,2011,3,0,1019577,1872241,15484.7,472017,3903.9,7168.7
7.9,8,7,1140,163,0.0,48.4,42.6,36.281,141.111,2011,3,0,327793,2292540,15886.900000000001,185820,1287.7,9006.0
9.1,9,8,2184,541,0.0,9.5,29.0,38.297,142.373,2011,3,0,1087951,4392024,18300.1,1181544,4923.099999999999,19874.399999999998
7.3,5,5,972,550,0.0,17.4,32.0,38.435,142.842,2011,3,0,1106050,1954692,14680.3,534600,4015.0,7095.599999999999
6.7,5,6,731,358,0.0,33.9,21.0,-35.38,-72.834,2011,2,0,719938,1470041,13473.7,261698,2398.6,4897.7
6.9,7,7,988,382,0.0,34.7,26.0,-36.422,-72.96,2011,2,0,768202,1986868,13875.900000000001,377416,2635.8,6817.200000000001
7.2,7,7,1449,372,0.0,25.3,68.0,28.777,63.951,2011,1,0,748092,2913939,14479.2,539028,2678.4,10432.800000000001
7.0,2,5,755,578,0.0,13.3,9.0,-20.628,168.471,2011,1,0,1162358,1518305,14077.0,436390,4046.0,5285.0
7.2,8,7,1054,397,0.0,30.1,24.0,-38.355,-73.326,2011,1,0,798367,2119594,14479.2,418438,2858.4,7588.8
7.3,0,5,820,409,0.0,12.0,16.0,-19.702,167.947,2010,12,0,822090,1648200,14673.0,335380,2985.7,5986.0
6.7,3,7,708,279,0.0,24.3,12.0,28.412,59.18,2010,12,0,560790,1423080,13467.0,197532,1869.3,4743.6
6.6,0,6,670,306,0.0,18.5,33.0,-6.001,149.977,2010,12,0,615060,1346700,13266.0,205020,2019.6,4422.0
7.8,4,7,946,379,0.0,23.0,20.1,-3.487,100.082,2010,10,0,761790,1901460,15678.0,358534,2956.2,7378.8
6.7,5,5,776,352,0.0,50.3,13.0,24.696,-109.156,2010,10,0,707520,1559760,13467.0,273152,2358.4,5199.2
7.0,8,5,772,271,0.0,15.1,26.0,-4.963,133.76,2010,9,0,544710,1551720,14070.0,209212,1897.0,5404.0
7.0,8,8,1245,365,0.0,15.8,12.0,-43.522,171.83,2010,9,0,733650,2502450,14070.0,454425,2555.0,8715.0
7.1,6,5,945,672,0.0,12.4,206.7,-1.266,-77.306,2010,8,0,1350720,1899450,14271.0,635040,4771.2,6709.5
7.3,7,7,850,405,0.0,20.2,25.0,-17.541,168.069,2010,8,0,814050,1708500,14673.0,344250,2956.5,6205.0
7.0,4,6,757,396,0.0,12.7,44.0,-5.746,150.765,2010,8,0,795960,1521570,14070.0,299772,2772.0,5299.0
6.5,5,4,659,403,0.0,11.1,220.0,-5.486,146.822,2010,8,0,810030,1324590,13065.0,265577,2619.5,4283.5
7.6,5,3,902,340,0.0,15.1,578.0,6.497,123.48,2010,7,0,683400,1813020,15276.0,306680,2584.0,6855.2
7.3,8,7,831,397,0.0,18.2,35.0,-5.931,150.59,2010,7,0,797970,1670310,14673.0,329907,2898.1,6066.3
6.9,4,7,737,456,0.0,15.7,28.0,-5.966,150.428,2010,7,0,916560,1481370,13869.0,336072,3146.4,5085.3
6.6,6,7,753,295,0.0,52.8,22.0,-38.067,-73.31,2010,7,0,592950,1513530,13266.0,222135,1947.0,4969.8
6.7,5,6,696,392,0.0,18.7,35.0,-10.627,161.447,2010,6,0,787920,1398960,13467.0,272832,2626.4,4663.2
6.6,0,7,670,309,0.0,25.0,10.5,-2.329,136.484,2010,6,0,621090,1346700,13266.0,207030,2039.3999999999999,4422.0
7.0,3,7,755,307,0.0,18.1,18.0,-2.174,136.543,2010,6,0,617070,1517550,14070.0,231785,2149.0,5285.0
7.5,6,5,1144,514,0.0,18.6,35.0,7.881,91.936,2010,6,0,1033140,2299440,15075.0,588016,3855.0,8580.0
7.2,5,6,804,327,0.0,11.7,31.0,-13.698,166.643,2010,5,0,657270,1616040,14472.0,262908,2354.4,5788.8
7.2,5,6,918,611,0.0,20.6,38.0,3.748,96.018,2010,5,0,1228110,1845180,14472.0,560898,4399.2,6609.6
6.9,6,9,773,410,0.0,14.9,17.0,33.165,96.548,2010,4,0,824100,1553730,13869.0,316930,2829.0,5333.700000000001
6.9,4,5,740,399,0.0,12.1,21.0,-10.878,161.116,2010,4,0,801990,1487400,13869.0,295260,2753.1000000000004,5106.0
7.8,0,7,936,352,0.0,19.2,31.0,2.383,97.048,2010,4,0,707520,1881360,15678.0,329472,2745.6,7300.8
7.2,9,9,2910,10,0.5137,239.0,9.987,32.2862,-115.295,2010,4,0,20100,5849100,14472.0,29100,72.0,20952.0
6.6,5,6,701,413,0.0,16.7,34.0,13.667,92.831,2010,3,0,830130,1409010,13266.0,289513,2725.7999999999997,4626.599999999999
6.7,5,6,856,312,0.0,34.7,18.0,-36.217,-73.257,2010,3,0,627120,1720560,13467.0,267072,2090.4,5735.2
6.5,6,5,810,491,0.0,27.0,32.0,37.745,141.59,2010,3,0,986910,1628100,13065.0,397710,3191.5,5265.0
7.0,7,7,874,403,0.0,17.1,18.0,-34.326,-71.799,2010,3,0,810030,1756740,14070.0,352222,2821.0,6118.0
6.9,7,7,1280,415,0.0,12.5,11.0,-34.29,-71.891,2010,3,0,834150,2572800,13869.0,531200,2863.5,8832.0
6.8,4,6,717,401,0.0,23.2,26.0,-3.762,100.991,2010,3,0,806010,1441170,13668.0,287517,2726.7999999999997,4875.599999999999
6.6,7,7,736,255,0.0,27.8,18.0,-36.665,-73.374,2010,3,0,512550,1479360,13266.0,187680,1683.0,4857.599999999999
6.5,0,4,650,426,0.0,18.7,176.0,-13.571,167.227,2010,3,0,856260,1306500,13065.0,276900,2769.0,4225.0
7.4,0,5,842,409,0.0,17.6,35.0,-37.773,-75.048,2010,2,0,822090,1692420,14874.0,344378,3026.6000000000004,6230.8
8.8,8,8,1991,454,0.0,17.8,22.9,-36.122,-72.898,2010,2,0,912540,4001910,17688.0,903914,3995.2000000000003,17520.800000000003
7.0,6,6,1180,487,0.0,15.7,25.0,25.93,128.425,2010,2,0,978870,2371800,14070.0,574660,3409.0,8260.0
7.0,9,9,1623,500,0.0,22.7,13.0,18.443,-72.571,2010,1,0,1005000,3262230,14070.0,811500,3500.0,11361.0
6.5,7,7,1360,51,0.3225,220.0,28.737,40.652,-124.692,2010,1,0,102510,2733600,13065.0,69360,331.5,8840.0
6.8,3,6,713,338,0.0,15.0,15.4,-9.019,157.551,2010,1,0,679380,1433130,13668.0,240994,2298.4,4848.4
7.1,5,7,780,377,0.0,15.0,10.0,-8.783,157.354,2010,1,0,757770,1567800,14271.0,294060,2676.7,5538.0
6.6,5,7,672,282,0.0,16.6,10.0,-8.726,157.487,2010,1,0,566820,1350720,13266.0,189504,1861.1999999999998,4435.2
6.5,6,7,698,390,0.0,17.7,27.0,-19.394,-70.321,2009,11,0,783510,1402282,13058.5,272220,2535.0,4537.0
7.3,0,4,820,430,0.0,15.0,595.0,-17.239,178.331,2009,11,0,863870,1647380,14665.699999999999,352600,3139.0,5986.0
6.6,7,6,677,305,0.0,20.4,18.0,-8.207,118.631,2009,11,0,612745,1360093,13259.4,206485,2013.0,4468.2
6.8,0,6,711,424,0.0,21.4,34.0,29.218,129.782,2009,10,0,851816,1428399,13661.199999999999,301464,2883.2,4834.8
6.9,4,6,972,397,0.0,11.0,130.0,-6.133,130.385,2009,10,0,797573,1952748,13862.1,385884,2739.3,6706.8
6.8,0,5,711,174,0.0,30.2,35.0,-13.298,165.91,2009,10,0,349566,1428399,13661.199999999999,123714,1183.2,4834.8
7.4,0,7,842,314,0.0,20.2,31.1,-13.093,166.497,2009,10,0,630826,1691578,14866.6,264388,2323.6,6230.8
7.8,0,6,936,195,0.0,20.3,35.0,-12.517,166.382,2009,10,0,391755,1880424,15670.199999999999,182520,1521.0,7300.8
7.7,4,7,916,283,0.0,23.2,45.0,-13.006,166.51,2009,10,0,568547,1840244,15469.300000000001,259228,2179.1,7053.2
6.6,7,7,787,417,0.0,30.1,9.0,-2.482,101.524,2009,10,0,837753,1581083,13259.4,328179,2752.2,5194.2
7.6,8,8,1639,498,0.0,14.0,81.0,-0.72,99.867,2009,9,0,1000482,3292751,15268.4,816222,3784.7999999999997,12456.4
8.1,7,6,1055,520,0.0,20.8,18.0,-15.489,-172.095,2009,9,0,1044680,2119495,16272.9,548600,4212.0,8545.5
7.0,7,7,1175,312,0.0,16.3,46.0,-7.782,107.297,2009,9,0,626808,2360575,14063.0,366600,2184.0,8225.0
6.7,5,6,753,369,0.0,14.9,20.0,-1.479,99.49,2009,8,0,741321,1512777,13460.300000000001,277857,2472.3,5045.1
6.6,4,5,703,336,0.0,14.1,53.0,32.821,140.395,2009,8,0,675024,1412327,13259.4,236208,2217.6,4639.8
7.5,7,6,1248,303,0.0,18.2,24.0,14.099,92.902,2009,8,0,608727,2507232,15067.5,378144,2272.5,9360.0
7.1,5,4,1005,447,0.0,14.2,292.0,33.167,137.944,2009,8,0,898023,2019045,14263.9,449235,3173.7,7135.5
6.9,5,7,1202,243,0.0,35.0,10.0,29.039,-112.903,2009,8,0,488187,2414818,13862.1,292086,1676.7,8293.800000000001
7.8,6,8,1165,434,0.0,16.8,12.0,-45.762,166.562,2009,7,0,871906,2340485,15670.199999999999,505610,3385.2,9087.0
6.7,5,5,693,269,0.0,13.8,64.0,-5.157,153.782,2009,6,0,540421,1392237,13460.300000000001,186417,1802.3,4643.1
7.3,7,8,1560,464,0.0,27.2,19.0,16.731,-86.217,2009,5,0,932176,3134040,14665.699999999999,723840,3387.2,11388.0
7.6,7,5,916,504,0.0,14.0,31.0,-23.043,-174.66,2009,3,0,1012536,1840244,15268.4,461664,3830.3999999999996,6961.599999999999
7.2,3,7,802,432,0.0,18.6,20.0,3.886,126.387,2009,2,0,867888,1611218,14464.800000000001,346464,3110.4,5774.400000000001
7.4,7,7,846,314,0.0,21.1,23.0,-0.691,133.305,2009,1,0,630826,1699614,14866.6,265644,2323.6,6260.400000000001
6.6,5,4,765,344,0.0,22.6,204.8,36.419,70.743,2009,1,0,691096,1536885,13259.4,263160,2270.4,5049.0
7.7,5,7,918,288,0.0,29.8,17.0,-0.414,132.885,2009,1,0,578592,1844262,15469.300000000001,264384,2217.6,7068.6
7.4,9,7,848,365,0.0,33.7,30.0,1.271,122.091,2008,11,0,732920,1702784,14859.2,309520,2701.0,6275.200000000001
6.7,5,6,731,481,0.0,28.6,24.0,14.423,-92.364,2008,10,0,965848,1467848,13453.6,351611,3222.7000000000003,4897.7
6.7,0,6,691,529,0.0,22.3,27.4,39.533,73.824,2008,10,0,1062232,1387528,13453.6,365539,3544.3,4629.7
6.8,0,6,711,500,0.0,22.2,25.0,41.892,143.754,2008,9,0,1004000,1427688,13654.4,355500,3400.0,4834.8
6.6,0,6,670,463,0.0,14.1,96.0,1.885,127.363,2008,9,0,929704,1345360,13252.8,310210,3055.7999999999997,4422.0
6.9,0,6,732,531,0.0,14.9,110.0,-13.501,166.967,2008,9,0,1066248,1469856,13855.2,388692,3663.9,5050.8
6.7,4,7,692,325,0.0,28.0,12.0,30.901,83.52,2008,8,0,652600,1389536,13453.6,224900,2177.5,4636.400000000001
6.8,8,7,1046,633,0.0,20.2,108.0,39.802,141.464,2008,7,0,1271064,2100368,13654.4,662118,4304.4,7112.8
7.0,5,5,840,577,0.0,18.2,22.0,37.552,142.214,2008,7,0,1158616,1686720,14056.0,484680,4039.0,5880.0
6.9,5,5,825,0,0.0,0.0,25.5,37.55,142.714,2008,7,0,0,1656600,13855.2,0,0.0,5692.5
6.6,4,5,680,630,0.0,18.4,17.0,11.005,91.824,2008,6,0,1265040,1365440,13252.8,428400,4158.0,4488.0
6.9,7,8,888,654,0.0,17.1,7.8,39.03,140.881,2008,6,0,1313232,1783104,13855.2,580752,4512.6,6127.200000000001
7.9,9,9,1870,774,0.0,11.3,19.0,31.002,103.322,2008,5,0,1554192,3754960,15863.2,1447380,6114.6,14773.0
6.9,5,5,910,519,0.0,21.1,27.0,36.164,141.526,2008,5,0,1042152,1827280,13855.2,472290,3581.1000000000004,6279.0
7.3,0,6,820,486,0.0,13.4,33.0,-20.071,168.892,2008,4,0,975888,1646560,14658.4,398520,3547.7999999999997,5986.0
7.2,0,7,798,532,0.0,25.9,10.0,35.49,81.467,2008,3,0,1068256,1602384,14457.6,424536,3830.4,5745.6
6.9,4,5,740,544,0.0,25.9,24.0,13.351,125.63,2008,3,0,1092352,1485920,13855.2,402560,3753.6000000000004,5106.0
6.7,5,6,696,543,0.0,15.1,25.0,-2.245,99.808,2008,2,0,1090344,1397568,13453.6,377928,3638.1,4663.2
6.6,4,6,674,421,0.0,17.7,25.0,-2.332,99.891,2008,2,0,845368,1353392,13252.8,283754,2778.6,4448.4
7.2,4,7,832,505,0.0,18.4,25.0,-2.486,99.972,2008,2,0,1014040,1670656,14457.6,420160,3636.0,5990.400000000001
6.5,4,6,654,429,0.0,28.3,22.0,-2.405,99.931,2008,2,0,861432,1313232,13052.0,280566,2788.5,4251.0
7.4,5,7,914,607,0.0,16.4,26.0,2.768,95.964,2008,2,0,1218856,1835312,14859.2,554798,4491.8,6763.6
6.5,8,5,692,650,0.0,30.7,28.0,36.345,21.863,2008,2,0,1305200,1389536,13052.0,449800,4225.0,4498.0
6.9,6,6,941,645,0.0,30.6,29.0,36.501,21.67,2008,2,0,1295160,1889528,13855.2,606945,4450.5,6492.900000000001
6.5,7,6,723,521,0.0,27.6,83.0,16.357,-94.304,2008,2,0,1046168,1451784,13052.0,376683,3386.5,4699.5
6.6,7,6,808,461,0.0,18.8,20.0,-39.011,178.291,2007,12,0,925227,1621656,13246.199999999999,372488,3042.6,5332.799999999999
6.7,5,7,704,481,0.0,30.3,45.0,-22.954,-70.182,2007,12,0,965367,1412928,13446.9,338624,3222.7000000000003,4716.8
7.4,7,7,1542,663,0.0,13.4,156.0,14.944,-61.274,2007,11,0,1330641,3094794,14851.800000000001,1022346,4906.2,11410.800000000001
6.6,3,6,672,280,0.0,26.9,16.0,-10.95,162.149,2007,11,0,561960,1348704,13246.199999999999,188160,1848.0,4435.2
6.5,5,7,653,272,0.0,27.6,18.0,-8.224,118.467,2007,11,0,545904,1310571,13045.5,177616,1768.0,4244.5
6.5,7,7,657,353,0.0,27.5,20.0,-8.292,118.37,2007,11,0,708471,1318599,13045.5,231921,2294.5,4270.5
6.8,6,6,722,341,0.0,15.9,53.0,-5.757,147.098,2007,11,0,684387,1449054,13647.6,246202,2318.7999999999997,4909.599999999999
6.8,7,6,790,649,0.0,27.0,122.9,-2.312,-77.838,2007,11,0,1302543,1585530,13647.6,512710,4413.2,5372.0
6.8,6,7,716,285,0.0,40.1,26.0,-22.925,-70.237,2007,11,0,571995,1437012,13647.6,204060,1938.0,4868.8
7.7,8,7,995,610,0.0,22.4,40.0,-22.247,-69.89,2007,11,0,1224270,1996965,15453.9,606950,4697.0,7661.5
6.8,3,5,713,494,0.0,23.9,21.0,-3.899,101.02,2007,10,0,991458,1430991,13647.6,352222,3359.2,4848.4
6.8,4,7,744,338,0.0,19.0,18.0,-44.796,167.553,2007,10,0,678366,1493208,13647.6,251472,2298.4,5059.2
6.8,4,5,713,348,0.0,15.5,40.0,-4.99,153.5,2007,9,0,698436,1430991,13647.6,248124,2366.4,4848.4
6.7,3,5,696,503,0.0,26.9,30.0,-1.999,100.141,2007,9,0,1009521,1396872,13446.9,350088,3370.1,4663.2
7.0,4,7,768,537,0.0,23.1,22.0,-2.13,99.627,2007,9,0,1077759,1541376,14049.0,412416,3759.0,5376.0
6.5,0,5,650,409,0.0,26.2,28.9,-1.689,99.668,2007,9,0,820863,1304550,13045.5,265850,2658.5,4225.0
7.9,8,7,1133,446,0.0,29.1,35.0,-2.625,100.841,2007,9,0,895122,2273931,15855.300000000001,505318,3523.4,8950.7
7.8,7,8,1152,0,0.0,0.0,40.5,-2.52,100.139,2007,9,0,0,2312064,15654.6,0,0.0,8985.6
8.4,0,6,1086,411,0.0,32.3,34.0,-4.438,101.367,2007,9,0,824877,2179602,16858.8,446346,3452.4,9122.4
6.8,5,6,747,653,0.0,17.6,15.0,2.966,-77.963,2007,9,0,1310571,1499229,13647.6,487791,4440.4,5079.599999999999
7.2,0,5,798,312,0.0,21.3,35.0,-11.61,165.762,2007,9,0,626184,1601586,14450.4,248976,2246.4,5745.6
6.5,5,6,675,382,0.0,12.8,15.0,-9.834,159.465,2007,8,0,766674,1354725,13045.5,257850,2483.0,4387.5
8.0,9,8,1385,625,0.0,25.7,39.0,-13.386,-76.603,2007,8,0,1254375,2779695,16056.0,865625,5000.0,11080.0
7.5,0,5,865,228,0.0,30.7,280.0,-5.859,107.419,2007,8,0,457596,1736055,15052.5,197220,1710.0,6487.5
7.2,7,7,803,494,0.0,20.4,120.0,-15.595,167.68,2007,8,0,991458,1611621,14450.4,396682,3556.8,5781.6
6.9,3,5,734,374,0.0,24.1,25.0,2.872,127.464,2007,7,0,750618,1473138,13848.300000000001,274516,2580.6,5064.6
6.8,5,4,779,664,0.0,18.2,350.4,36.808,134.85,2007,7,0,1332648,1563453,13647.6,517256,4515.2,5297.2
6.6,8,8,831,782,0.0,16.7,12.0,37.535,138.446,2007,7,0,1569474,1667817,13246.199999999999,649842,5161.2,5484.599999999999
6.7,6,6,972,468,0.0,37.7,23.0,13.554,-90.618,2007,6,0,939276,1950804,13446.9,454896,3135.6,6512.400000000001
6.9,0,7,732,305,0.0,15.3,10.0,-7.306,155.741,2007,4,0,612135,1469124,13848.300000000001,223260,2104.5,5050.8
6.6,0,7,670,251,0.0,16.0,10.0,-7.169,155.777,2007,4,0,503757,1344690,13246.199999999999,168170,1656.6,4422.0
8.1,9,8,1025,439,0.0,14.7,24.0,-8.466,157.043,2007,4,0,881073,2057175,16256.699999999999,449975,3555.8999999999996,8302.5
6.7,7,8,782,493,0.0,23.9,8.0,37.336,136.588,2007,3,0,989451,1569474,13446.9,385526,3303.1,5239.400000000001
7.1,3,6,779,426,0.0,25.3,34.0,-20.617,169.357,2007,3,0,854982,1563453,14249.699999999999,331854,3024.6,5530.9
6.7,0,6,691,253,0.0,40.3,12.0,-1.034,126.976,2007,2,0,507771,1386837,13446.9,174823,1695.1000000000001,4629.7
7.5,6,5,874,570,0.0,21.6,22.0,1.065,126.282,2007,1,0,1143990,1754118,15052.5,498180,4275.0,6555.0
8.1,4,5,1034,606,0.0,14.0,10.0,46.243,154.524,2007,1,0,1216242,2075238,16256.699999999999,626604,4908.599999999999,8375.4
6.9,6,7,798,466,0.0,31.6,10.0,21.974,120.493,2006,12,0,934796,1600788,13841.400000000001,371868,3215.4,5506.200000000001
7.1,8,7,1023,744,0.0,29.1,10.0,21.799,120.547,2006,12,0,1492464,2052138,14242.599999999999,761112,5282.4,7263.299999999999
8.3,4,7,1064,576,0.0,20.9,10.0,46.592,153.266,2006,11,0,1155456,2134384,16649.800000000003,612864,4780.8,8831.2
6.6,0,6,670,352,0.0,18.6,11.0,-6.482,151.195,2006,11,0,706112,1344020,13239.599999999999,235840,2323.2,4422.0
6.7,5,6,732,444,0.0,53.4,23.0,-13.457,-76.677,2006,10,0,890664,1468392,13440.2,325008,2974.8,4904.400000000001
6.7,5,6,692,533,0.0,15.6,32.0,-5.881,150.982,2006,10,0,1069198,1388152,13440.2,368836,3571.1,4636.400000000001
6.7,8,9,1481,43,0.0,124.0,38.182,19.877,-155.935,2006,10,0,86258,2970886,13440.2,63683,288.1,9922.7
6.9,3,3,737,702,0.0,20.9,28.0,-16.592,-172.033,2006,9,0,1408212,1478422,13841.400000000001,517374,4843.8,5085.3
6.8,0,6,711,459,0.0,28.4,38.0,-6.759,155.512,2006,9,0,920754,1426266,13640.8,326349,3121.2,4834.8
6.5,0,6,650,700,0.0,47.4,43.0,51.148,157.522,2006,8,0,1404200,1303900,13039.0,455000,4550.0,4225.0
6.8,5,5,713,551,0.0,26.2,150.0,-15.798,167.789,2006,8,0,1105306,1430278,13640.8,392863,3746.7999999999997,4848.4
7.7,7,5,947,357,0.0,36.8,20.0,-9.284,107.419,2006,7,0,716142,1899682,15446.2,338079,2748.9,7291.900000000001
6.5,0,6,650,477,0.0,20.3,34.0,-5.724,151.133,2006,5,0,956862,1303900,13039.0,310050,3100.5,4225.0
6.6,0,7,670,548,0.0,28.0,19.0,60.772,165.743,2006,5,0,1099288,1344020,13239.599999999999,367160,3616.7999999999997,4422.0
6.8,4,5,719,701,0.0,16.3,12.0,0.093,97.05,2006,5,0,1406206,1442314,13640.8,504019,4766.8,4889.2
8.0,7,7,1013,626,0.0,20.7,55.0,-20.187,-174.123,2006,5,0,1255756,2032078,16048.0,634138,5008.0,8104.0
8.0,8,9,1026,0,0.0,0.0,60.5,-19.99,-173.907,2006,5,0,0,2058156,16048.0,0,0.0,8208.0
6.5,7,7,653,282,0.0,46.3,12.0,-27.211,-71.056,2006,4,0,565692,1309918,13039.0,184146,1833.0,4244.5
6.7,6,7,696,277,0.0,25.6,12.0,-27.017,-71.022,2006,4,0,555662,1396176,13440.2,192792,1855.9,4663.2
6.6,0,8,670,645,0.0,28.4,11.0,60.491,167.516,2006,4,0,1293870,1344020,13239.599999999999,432150,4257.0,4422.0
7.6,0,8,889,579,0.0,18.5,22.0,60.949,167.089,2006,4,0,1161474,1783334,15245.599999999999,514731,4400.4,6756.4
6.5,3,5,654,247,0.0,25.5,14.0,-16.527,176.989,2006,4,0,495482,1311924,13039.0,161538,1605.5,4251.0
6.7,0,7,691,306,0.0,21.3,30.1,-3.595,127.214,2006,3,0,613836,1386146,13440.2,211446,2050.2000000000003,4629.7
7.0,5,9,891,412,0.0,23.2,11.0,-21.324,33.583,2006,2,0,826472,1787346,14042.0,367092,2884.0,6237.0
6.7,7,6,934,769,0.0,19.7,66.0,36.311,23.212,2006,1,0,1542614,1873604,13440.2,718246,5152.3,6257.8
6.6,7,6,703,323,0.0,48.2,14.0,28.164,-112.117,2006,1,0,647938,1410218,13239.599999999999,227069,2131.7999999999997,4639.8
6.5,6,5,721,529,0.0,20.5,224.6,36.357,71.093,2005,12,0,1060645,1445605,13032.5,381409,3438.5,4686.5
6.8,5,7,744,561,0.0,20.0,22.0,-6.224,29.83,2005,12,0,1124805,1491720,13634.0,417384,3814.7999999999997,5059.2
6.5,4,5,683,464,0.0,48.8,29.0,38.089,142.122,2005,12,0,930320,1369415,13032.5,316912,3016.0,4439.5
6.5,3,6,651,358,0.0,20.7,21.0,2.164,96.786,2005,11,0,717790,1305255,13032.5,233058,2327.0,4231.5
6.8,0,6,711,509,0.0,30.1,147.0,-22.361,-67.895,2005,11,0,1020545,1425555,13634.0,361899,3461.2,4834.8
7.6,9,9,1267,724,0.0,21.1,26.0,34.539,73.588,2005,10,0,1451620,2540335,15238.0,917308,5502.4,9629.199999999999
6.6,0,6,670,402,0.0,17.7,25.0,-5.437,151.84,2005,9,0,806010,1343350,13233.0,269340,2653.2,4422.0
7.5,8,7,1018,696,0.0,26.2,115.0,-5.678,-76.398,2005,9,0,1395480,2041090,15037.5,708528,5220.0,7635.0
7.6,5,7,891,502,0.0,20.0,90.0,-4.539,153.474,2005,9,0,1006510,1786455,15238.0,447282,3815.2,6771.599999999999
7.2,7,7,1104,698,0.0,19.6,36.0,38.276,142.039,2005,8,0,1399490,2213520,14436.0,770592,5025.6,7948.8
7.2,4,5,808,636,0.0,26.4,16.0,7.92,92.19,2005,7,0,1275180,1620040,14436.0,513888,4579.2,5817.6
6.7,3,6,693,398,0.0,22.3,21.0,1.819,97.082,2005,7,0,797990,1389465,13433.5,275814,2666.6,4643.1
6.6,6,5,719,446,0.0,21.1,27.0,11.245,-86.172,2005,7,0,894230,1441595,13233.0,320674,2943.6,4745.4
7.2,5,4,1318,420,0.0,31.4,16.0,41.292,-125.953,2005,6,0,842100,2642590,14436.0,553560,3024.0,9489.6
7.8,8,7,1020,714,0.0,16.1,115.6,-19.987,-69.197,2005,6,0,1431570,2045100,15639.0,728280,5569.2,7956.0
6.9,5,7,740,635,0.0,26.0,30.0,1.989,97.041,2005,5,0,1273175,1483700,13834.5,469900,4381.5,5106.0
6.7,6,5,731,695,0.0,20.9,34.0,0.587,98.459,2005,5,0,1393475,1465655,13433.5,508045,4656.5,4897.7
6.5,3,6,657,478,0.0,21.2,30.0,-1.714,99.779,2005,4,0,958390,1317285,13032.5,314046,3107.0,4270.5
6.7,5,6,717,656,0.0,21.2,19.0,-1.644,99.607,2005,4,0,1315280,1437585,13433.5,470352,4395.2,4803.900000000001
8.6,0,8,1138,510,0.0,22.1,30.0,2.085,97.108,2005,3,0,1022550,2281690,17243.0,580380,4386.0,9786.8
6.6,8,7,805,401,0.0,22.9,10.0,33.807,130.131,2005,3,0,804005,1614025,13233.0,322805,2646.6,5313.0
7.1,0,5,776,569,0.0,18.1,201.7,-6.527,129.933,2005,3,0,1140845,1555880,14235.5,441544,4039.8999999999996,5509.599999999999
6.8,0,6,711,444,0.0,33.8,36.0,2.908,95.592,2005,2,0,890220,1425555,13634.0,315684,3019.2,4834.8
6.5,0,7,650,371,0.0,31.8,10.0,-5.562,122.129,2005,2,0,743855,1303250,13032.5,241150,2411.5,4225.0
6.5,3,5,652,286,0.0,47.3,39.7,4.756,126.421,2005,2,0,573430,1307260,13032.5,186472,1859.0,4238.0
6.7,0,4,691,457,0.0,30.2,206.3,-14.252,167.259,2005,2,0,916285,1385455,13433.5,315787,3061.9,4629.7
7.1,7,3,782,640,0.0,26.4,525.0,5.293,123.337,2005,2,0,1283200,1567910,14235.5,500480,4544.0,5552.2
6.6,6,4,676,225,0.0,78.5,27.8,34.064,141.491,2005,1,0,451125,1355380,13233.0,152100,1485.0,4461.599999999999
6.6,0,5,670,353,0.0,31.9,16.1,8.879,92.375,2004,12,0,707412,1342680,13226.4,236510,2329.7999999999997,4422.0
7.2,5,6,802,385,0.0,27.9,39.2,6.91,92.958,2004,12,0,771540,1607208,14428.800000000001,308770,2772.0,5774.400000000001
9.1,0,8,1274,601,0.0,22.0,30.0,3.295,95.982,2004,12,0,1204404,2553096,18236.399999999998,765674,5469.099999999999,11593.4
8.1,0,5,1009,331,0.0,59.3,10.0,-49.312,161.345,2004,12,0,663324,2022036,16232.4,333979,2681.1,8172.9
6.8,5,6,858,639,0.0,21.8,10.0,18.958,-81.409,2004,12,0,1280556,1719432,13627.199999999999,548262,4345.2,5834.4
6.8,4,7,724,759,0.0,23.6,35.0,42.9,145.228,2004,12,0,1521036,1450896,13627.199999999999,549516,5161.2,4923.2
7.0,4,7,771,929,0.0,23.9,39.0,43.006,145.119,2004,11,0,1861716,1545084,14028.0,716259,6503.0,5397.0
7.1,0,7,776,439,0.0,28.8,10.0,-3.609,135.404,2004,11,0,879756,1555104,14228.4,340664,3116.8999999999996,5509.599999999999
7.1,5,5,782,585,0.0,14.7,10.0,-46.676,164.721,2004,11,0,1172340,1567128,14228.4,457470,4153.5,5552.2
7.2,8,8,820,708,0.0,50.2,15.0,4.695,-77.508,2004,11,0,1418832,1643280,14428.800000000001,580560,5097.6,5904.0
7.5,5,7,870,301,0.0,33.8,10.0,-8.152,124.868,2004,11,0,603204,1743480,15030.0,261870,2257.5,6525.0
6.7,0,6,691,233,0.0,21.5,10.0,-11.128,162.208,2004,11,0,466932,1384764,13426.800000000001,161003,1561.1000000000001,4629.7
6.7,7,4,703,459,0.0,37.3,10.0,49.277,-128.772,2004,11,0,919836,1408812,13426.800000000001,322677,3075.3,4710.1
6.6,0,8,670,782,0.0,37.0,16.0,37.226,138.779,2004,10,0,1567128,1342680,13226.4,523940,5161.2,4422.0
6.7,5,6,705,698,0.0,24.7,94.0,24.53,122.694,2004,10,0,1398792,1412820,13426.800000000001,492090,4676.6,4723.5
7.0,0,6,754,441,0.0,32.2,35.0,11.422,-86.665,2004,10,0,883764,1511016,14028.0,332514,3087.0,5278.0
6.5,5,5,665,526,0.0,18.3,105.0,13.925,120.534,2004,10,0,1054104,1332660,13026.0,349790,3419.0,4322.5
6.8,0,6,711,545,0.0,15.7,36.0,-10.951,162.161,2004,10,0,1092180,1424844,13627.199999999999,387495,3706.0,4834.8
6.6,0,4,670,478,0.0,29.8,10.0,33.205,137.227,2004,9,0,957912,1342680,13226.4,320260,3154.7999999999997,4422.0
7.4,0,5,842,594,0.0,27.5,10.0,33.184,137.071,2004,9,0,1190376,1687368,14829.6,500148,4395.6,6230.8
7.2,0,5,798,643,0.0,28.4,14.0,33.07,136.618,2004,9,0,1288572,1599192,14428.800000000001,513114,4629.6,5745.6
6.5,0,7,650,349,0.0,30.1,5.0,-35.173,-70.525,2004,8,0,699396,1302600,13026.0,226850,2268.5,4225.0
6.5,0,7,650,305,0.0,39.0,13.4,-0.443,133.091,2004,7,0,611220,1302600,13026.0,198250,1982.5,4225.0
6.9,0,5,732,798,0.0,31.2,188.6,55.682,160.003,2004,6,0,1599192,1466928,13827.6,584136,5506.200000000001,5050.8
6.6,0,7,670,282,0.0,46.9,21.0,-37.695,-73.406,2004,5,0,565128,1342680,13226.4,188940,1861.1999999999998,4422.0
6.7,0,5,691,386,0.0,27.6,65.8,-9.362,122.839,2004,4,0,773544,1384764,13426.800000000001,266726,2586.2000000000003,4629.7
6.5,0,4,650,424,0.0,29.9,228.4,-13.174,167.198,2004,4,0,849696,1302600,13026.0,275600,2756.0,4225.0
6.6,0,4,670,728,0.0,18.3,187.1,36.512,71.029,2004,4,0,1458912,1342680,13226.4,487760,4804.8,4422.0
6.7,0,7,691,256,0.0,33.3,25.7,-3.665,135.339,2004,2,0,513024,1384764,13426.800000000001,176896,1715.2,4629.7
7.3,0,7,820,390,0.0,23.0,10.0,-4.003,135.023,2004,2,0,781560,1643280,14629.199999999999,319800,2847.0,5986.0
7.0,0,7,754,367,0.0,33.0,16.6,-3.615,135.538,2004,2,0,735468,1511016,14028.0,276718,2569.0,5278.0
6.7,0,6,691,243,0.0,42.5,17.4,-3.12,127.4,2004,1,0,486972,1384764,13426.800000000001,167913,1628.1000000000001,4629.7
7.3,0,4,820,235,0.0,46.6,10.0,-22.015,169.766,2003,12,0,470705,1642460,14621.9,192700,1715.5,5986.0
6.6,0,9,670,552,0.0,44.8,10.0,28.995,58.311,2003,12,0,1105656,1342010,13219.8,369840,3643.2,4422.0
6.5,0,6,650,405,0.0,48.4,33.0,8.416,-82.824,2003,12,0,811215,1301950,13019.5,263250,2632.5,4225.0
6.5,7,9,1390,65,0.04685,71.0,8.382,35.7005,-121.101,2003,12,0,130195,2784170,13019.5,90350,422.5,9035.0
6.8,0,7,711,447,0.0,27.7,10.0,23.039,121.362,2003,12,0,895341,1424133,13620.4,317817,3039.6,4834.8
6.6,0,6,670,384,0.0,25.1,35.0,-5.581,150.88,2003,11,0,769152,1342010,13219.8,257280,2534.3999999999996,4422.0
6.5,0,6,650,487,0.0,45.9,35.0,12.025,125.416,2003,11,0,975461,1301950,13019.5,316550,3165.5,4225.0
6.6,0,5,670,475,0.0,26.2,113.7,-19.262,168.892,2003,11,0,951425,1342010,13219.8,318250,3135.0,4422.0
7.0,0,5,754,568,0.0,61.2,10.0,37.812,142.619,2003,10,0,1137704,1510262,14021.0,428272,3976.0,5278.0
6.7,0,6,691,556,0.0,55.4,32.0,42.648,144.57,2003,10,0,1113668,1384073,13420.1,384196,3725.2000000000003,4629.7
6.7,0,7,691,643,0.0,24.5,10.0,50.211,87.721,2003,10,0,1287929,1384073,13420.1,444313,4308.1,4629.7
6.5,0,5,650,586,0.0,71.3,25.0,42.45,144.38,2003,9,0,1173758,1301950,13019.5,380900,3809.0,4225.0
7.3,0,7,820,667,0.0,24.5,16.0,50.038,87.813,2003,9,0,1336001,1642460,14621.9,546940,4869.099999999999,5986.0
7.4,0,7,842,514,0.0,78.8,33.0,41.774,143.593,2003,9,0,1029542,1686526,14822.2,432788,3803.6000000000004,6230.8
8.16,0,9,1024,0,0.0,0.0,27.0,41.815,143.91,2003,9,0,0,2051072,16344.48,0,0.0,8355.84
6.6,0,7,670,518,0.0,24.7,10.0,19.917,95.672,2003,9,0,1037554,1342010,13219.8,347060,3418.7999999999997,4422.0
7.2,0,7,798,428,0.0,17.5,28.0,-45.104,167.144,2003,8,0,857284,1598394,14421.6,341544,3081.6,5745.6
7.6,0,6,889,315,0.0,25.2,10.0,-60.532,-43.411,2003,8,0,630945,1780667,15222.8,280035,2394.0,6756.4
6.5,0,6,650,156,0.0,31.4,33.0,-3.828,152.174,2003,7,0,312468,1301950,13019.5,101400,1014.0,4225.0
6.8,0,7,711,398,0.0,39.1,33.0,-30.608,-71.637,2003,6,0,797194,1424133,13620.4,282978,2706.4,4834.8
6.9,0,5,732,733,0.0,26.7,174.8,55.492,159.999,2003,6,0,1468199,1466196,13820.7,536556,5057.7,5050.8
6.6,0,6,670,419,0.0,27.8,33.0,-5.095,152.502,2003,6,0,839257,1342010,13219.8,280730,2765.3999999999996,4422.0
7.0,0,6,754,473,0.0,30.3,31.0,2.354,128.855,2003,5,0,947419,1510262,14021.0,356642,3311.0,5278.0
7.0,0,7,754,690,0.0,19.1,68.0,38.849,141.568,2003,5,0,1382070,1510262,14021.0,520260,4830.0,5278.0
6.8,0,9,711,534,0.0,19.4,12.0,36.964,3.634,2003,5,0,1069602,1424133,13620.4,379674,3631.2,4834.8
6.5,0,7,650,247,0.0,28.7,33.0,-8.294,120.743,2003,3,0,494741,1301950,13019.5,160550,1605.5,4225.0
6.8,0,7,711,431,0.0,38.4,40.2,-4.694,153.238,2003,3,0,863293,1424133,13620.4,306441,2930.7999999999997,4834.8
7.6,0,7,889,551,0.0,0.0,24.0,18.77,-104.104,2003,1,0,1103653,1780667,15222.8,489839,4187.599999999999,6756.4
6.5,0,6,650,316,0.0,0.0,24.0,13.626,-90.774,2003,1,0,632948,1301950,13019.5,205400,2054.0,4225.0
7.3,0,6,820,457,0.0,0.0,33.0,-10.491,160.77,2003,1,0,915371,1642460,14621.9,374740,3336.1,5986.0
6.7,0,5,691,323,0.0,0.0,71.9,-5.311,153.701,2003,1,0,646969,1384073,13420.1,223193,2164.1,4629.7
6.7,0,6,691,453,0.0,0.0,34.0,-4.786,153.275,2002,12,0,906906,1383382,13413.4,313023,3035.1,4629.7
7.9,8,9,1750,0,0.0,0.0,4.2,63.5141,-147.453,2002,11,0,0,3503500,15815.800000000001,0,0.0,13825.0
7.4,0,7,842,418,0.0,0.0,30.0,2.824,96.085,2002,11,0,836836,1685684,14814.800000000001,351956,3093.2000000000003,6230.8
6.6,0,7,670,0,0.0,0.0,4.2,63.5144,-147.912,2002,10,0,0,1341340,13213.199999999999,0,0.0,4422.0
6.7,0,7,691,250,0.0,0.0,10.0,-1.511,133.973,2002,10,0,500500,1383382,13413.4,172750,1675.0,4629.7
7.6,0,7,889,375,0.0,0.0,10.0,-1.757,134.297,2002,10,0,750750,1779778,15215.199999999999,333375,2850.0,6756.4
6.5,0,6,650,646,0.0,0.0,21.0,13.036,93.068,2002,9,0,1293292,1301300,13013.0,419900,4199.0,4225.0
7.6,0,7,889,428,0.0,0.0,13.0,-3.302,142.945,2002,9,0,856856,1779778,15215.199999999999,380492,3252.7999999999997,6756.4
6.5,0,4,650,260,0.0,0.0,30.0,14.101,146.199,2002,8,0,520520,1301300,13013.0,169000,1690.0,4225.0
6.5,0,7,650,533,0.0,0.0,10.0,7.929,-82.793,2002,7,0,1067066,1301300,13013.0,346450,3464.5,4225.0
6.5,0,8,650,555,0.0,0.0,10.0,35.626,49.047,2002,6,0,1111110,1301300,13013.0,360750,3607.5,4225.0
6.6,0,7,670,420,0.0,0.0,54.0,-30.805,-71.124,2002,6,0,840840,1341340,13213.199999999999,281400,2772.0,4422.0
6.7,0,5,691,272,0.0,0.0,33.0,-12.592,166.383,2002,6,0,544544,1383382,13413.4,187952,1822.4,4629.7
7.1,0,7,776,257,0.0,0.0,85.7,13.088,144.619,2002,4,0,514514,1553552,14214.199999999999,199432,1824.6999999999998,5509.599999999999
6.7,0,7,691,462,0.0,0.0,62.0,-27.535,-70.586,2002,4,0,924924,1383382,13413.4,319242,3095.4,4629.7
6.8,0,6,711,292,0.0,0.0,24.9,16.985,-100.865,2002,4,0,584584,1423422,13613.6,207612,1985.6,4834.8
7.1,0,6,776,550,0.0,0.0,32.8,24.279,122.179,2002,3,0,1101100,1553552,14214.199999999999,426800,3905.0,5509.599999999999
6.5,0,5,650,486,0.0,0.0,125.1,-21.663,-68.329,2002,3,0,972972,1301300,13013.0,315900,3159.0,4225.0
7.5,0,7,865,321,0.0,0.0,31.0,6.033,124.249,2002,3,0,642642,1731730,15015.0,277665,2407.5,6487.5
7.4,0,5,842,138,0.0,0.0,225.6,36.502,70.482,2002,3,0,276276,1685684,14814.800000000001,116196,1021.2,6230.8
6.6,0,6,670,444,0.0,0.0,39.0,-5.345,151.248,2002,2,0,888888,1341340,13213.199999999999,297480,2930.3999999999996,4422.0
6.5,0,7,650,482,0.0,0.0,5.0,38.573,31.271,2002,2,0,964964,1301300,13013.0,313300,3133.0,4225.0
6.7,0,8,691,333,0.0,0.0,11.0,-3.212,142.427,2002,1,0,666666,1383382,13413.4,230103,2231.1,4629.7
6.6,0,6,670,386,0.0,0.0,10.0,-17.664,168.004,2002,1,0,772772,1341340,13213.199999999999,258620,2547.6,4422.0
7.2,0,6,798,427,0.0,0.0,21.0,-17.6,167.856,2002,1,0,854854,1597596,14414.4,340746,3074.4,5745.6
6.8,0,7,711,385,0.0,0.0,16.0,-9.613,159.53,2001,12,0,770385,1422711,13606.8,273735,2618.0,4834.8
6.8,0,5,711,499,0.0,0.0,14.0,23.954,122.734,2001,12,0,998499,1422711,13606.8,354789,3393.2,4834.8
6.5,0,5,650,605,0.0,0.0,123.8,39.402,141.089,2001,12,0,1210605,1300650,13006.5,393250,3932.5,4225.0
7.8,0,9,936,368,0.0,0.0,10.0,35.946,90.541,2001,11,0,736368,1872936,15607.8,344448,2870.4,7300.8
7.0,0,7,754,254,0.0,0.0,33.0,-5.912,150.196,2001,10,0,508254,1508754,14007.0,191516,1778.0,5278.0
7.5,0,6,865,234,0.0,0.0,33.0,-4.102,123.907,2001,10,0,468234,1730865,15007.5,202410,1755.0,6487.5
7.0,0,6,754,482,0.0,0.0,37.0,12.686,144.98,2001,10,0,964482,1508754,14007.0,363428,3374.0,5278.0
6.5,0,6,650,174,0.0,0.0,33.0,-0.578,133.13,2001,9,0,348174,1300650,13006.5,113100,1131.0,4225.0
6.6,6,6,754,0,0.0,0.0,131.8,58.775,-154.701,2001,7,0,0,1508754,13206.599999999999,0,0.0,4976.4
6.5,0,8,650,483,0.0,0.0,10.0,39.059,24.244,2001,7,0,966483,1300650,13006.5,313950,3139.5,4225.0
7.6,0,7,889,398,0.0,0.0,33.0,-17.543,-72.077,2001,7,0,796398,1778889,15207.599999999999,353822,3024.7999999999997,6756.4
6.6,0,7,670,324,0.0,0.0,62.0,-16.086,-73.987,2001,7,0,648324,1340670,13206.599999999999,217080,2138.4,4422.0
6.7,0,6,691,422,0.0,0.0,24.0,-17.745,-71.649,2001,6,0,844422,1382691,13406.7,291602,2827.4,4629.7
8.4,0,8,1086,518,0.0,0.0,33.0,-16.265,-73.641,2001,6,0,1036518,2173086,16808.4,562548,4351.2,9122.4
6.7,0,6,691,282,0.0,0.0,17.0,-7.41,155.865,2001,4,0,564282,1382691,13406.7,194862,1889.4,4629.7
6.8,0,7,711,596,0.0,0.0,50.0,34.083,132.526,2001,3,0,1192596,1422711,13606.8,423756,4052.7999999999997,4834.8
6.5,0,6,650,206,0.0,0.0,33.0,-4.029,128.02,2001,3,0,412206,1300650,13006.5,133900,1339.0,4225.0
6.8,7,7,1441,67,0.0,31.0,51.798,47.149,-122.727,2001,2,0,134067,2883441,13606.8,96547,455.59999999999997,9798.8
7.1,0,7,776,426,0.0,0.0,35.0,1.271,126.249,2001,2,0,852426,1552776,14207.099999999999,330576,3024.6,5509.599999999999
7.4,0,6,842,221,0.0,0.0,36.0,-4.68,102.562,2001,2,0,442221,1684842,14807.400000000001,186082,1635.4,6230.8
6.6,0,8,670,273,0.0,0.0,10.0,13.671,-88.938,2001,2,0,546273,1340670,13206.599999999999,182910,1801.8,4422.0
7.7,0,9,912,472,0.0,0.0,16.0,23.419,70.232,2001,1,0,944472,1824912,15407.7,430464,3634.4,7022.400000000001
6.9,0,6,732,117,0.0,0.0,28.0,-4.022,101.776,2001,1,0,234117,1464732,13806.900000000001,85644,807.3000000000001,5050.8
7.7,0,8,912,427,0.0,0.0,60.0,13.049,-88.66,2001,1,0,854427,1824912,15407.7,389424,3287.9,7022.400000000001
6.9,5,7,745,0,0.0,0.0,36.4,56.7744,-153.281,2001,1,0,0,1490745,13806.900000000001,0,0.0,5140.5
7.1,0,7,776,372,0.0,0.0,103.0,-14.928,167.17,2001,1,0,744372,1552776,14207.099999999999,288672,2641.2,5509.599999999999
6.8,0,5,711,64,0.0,0.0,33.0,6.631,126.899,2001,1,0,128064,1422711,13606.8,45504,435.2,4834.8
7.5,0,7,865,324,0.0,0.0,33.0,6.898,126.579,2001,1,0,648324,1730865,15007.5,280260,2430.0,6487.5
